English,Japanese,Chapter
Adam's apple,喉仏(のどぼとけ),頭部
auricle,耳介,頭部
cheek,頬(ほお),頭部
chin,下顎(したあご),頭部
ear,耳,頭部
eye,目,頭部
eyebrow,眉,頭部
eyelash,まつ毛、睫毛(しょうもう),頭部
eyelid,瞼(まぶた)、眼瞼(がんけん),頭部
face,顔,頭部
forehead,額、前額部,頭部
hair,髪  cf. scalp 頭皮,頭部
head,頭,頭部
jaw,顎(あご),頭部
lip,唇,頭部
mouth,口,頭部
neck,首  cf. cervix 頚部,頭部
nose,鼻  cf. nostril 鼻孔,頭部
occiput,後頭部  cf. nape 項(うなじ),頭部
temple,こめかみ、側頭部,頭部
armpit,脇の下  cf. axilla 腋窩(えきか),上半身
breast,胸(胸郭の前表面)、乳房,上半身
chest,胸(部),上半身
elbow,肘(ひじ),上半身
finger,指  cf. thumb 親指,上半身
forearm,前腕,上半身
hand,手,上半身
index finger,"人差し指  (同)forefinger, second finger",上半身
little finger,小指  (同)fifth finger,上半身
middle finger,中指  (同)third finger,上半身
nail,爪,上半身
nipple,乳頭,上半身
palm,手のひら,上半身
ring finger,薬指  (同)forth finger,上半身
shoulder,肩,上半身
thumb,親指  (同)first finger,上半身
upper arm,上腕  (同)brachium,上半身
wrist,手首,上半身
abdomen,腹部  (同)tummy(小児語),下半身
ankle,足首,下半身
back,背  (同)dorsum,下半身
buttocks,臀部,下半身
calf,ふくらはぎ,下半身
foot,足  (複)feet,下半身
genital area,陰部,下半身
groin,鼠頚部(そけいぶ)  (同)inguinal area,下半身
heel,踵(かかと),下半身
instep,足の甲  cf. the arch of a foot 土踏まず,下半身
knee,膝(ひざ)  cf. popliteal 膝窩(しっか)部の,下半身
leg,下肢(かし),下半身
lower back,腰  cf. hip 腰(腰の突出部),下半身
navel,臍(へそ)  (同)umbilicus,下半身
shin,すね,下半身
side,わき腹  (同)flank 側腹部,下半身
sole,足底  cf. the arch of a foot 土踏まず,下半身
thigh,大腿(だいたい)  (同)femur,下半身
toe,足指  cf. first toe 母趾(ぼし),下半身
torso,胴,下半身
brain,脳,神経系&感覚器系
brain stem,脳幹,神経系&感覚器系
cerebellum,小脳,神経系&感覚器系
cerebrum,大脳,神経系&感覚器系
conjunctiva,結膜,神経系&感覚器系
cornea,角膜,神経系&感覚器系
eardrum,鼓膜  (同)tympanic membrane,神経系&感覚器系
external ear canal,外耳道  (同)external auditory meatus,神経系&感覚器系
eyeball,眼球,神経系&感覚器系
inner ear,内耳  (同)auris interna,神経系&感覚器系
iris,虹彩,神経系&感覚器系
lens,水晶体,神経系&感覚器系
meninges,髄膜  (単)meninx,神経系&感覚器系
middle ear,中耳  (同)auris media,神経系&感覚器系
nerve,神経,神経系&感覚器系
outer ear,外耳  (同)auris externa,神経系&感覚器系
pupil,瞳孔,神経系&感覚器系
retina,網膜,神経系&感覚器系
spinal cord,脊髄,神経系&感覚器系
sympathetic nerve,交感神経  cf. parasympathetic nerve 副交感神経,神経系&感覚器系
(blood) capillary,毛細血管,循環器系
aorta,大動脈  cf. cava 大静脈,循環器系
artery,動脈  cf. vein 静脈,循環器系
atrium,心房,循環器系
blood,血液,循環器系
blood vessel,血管,循環器系
bone marrow,骨髄,循環器系
heart,心臓,循環器系
lymph,リンパ  cf. lymph node リンパ節,循環器系
lymphocyte,リンパ球,循環器系
myocardium,心筋  (複)myocardia,循環器系
plasma,血漿,循環器系
platelet,血小板  (同)thrombocyte,循環器系
red blood cell,赤血球  (同)erythrocyte,循環器系
spleen,脾臓,循環器系
valve,弁,循環器系
vein,静脈  cf. artery 動脈,循環器系
ventricle,心室  cf. ventricle 「脳室」の意味もある,循環器系
white blood cell,白血球  (同)leukocyte,循環器系
adrenal gland,副腎,呼吸器系&内分泌系
bronchus,気管支  (同)bronchial tube,呼吸器系&内分泌系
diaphragm,横隔膜,呼吸器系&内分泌系
epiglottis,喉頭蓋(こうとうがい),呼吸器系&内分泌系
hypothalamus,視床下部,呼吸器系&内分泌系
larynx,喉頭  (同)voice box,呼吸器系&内分泌系
lung,肺,呼吸器系&内分泌系
nasal cavity,鼻腔(びくう),呼吸器系&内分泌系
pancreas,膵臓(すいぞう),呼吸器系&内分泌系
pharynx,咽頭,呼吸器系&内分泌系
pineal gland,松果体(しょうかたい),呼吸器系&内分泌系
pituitary gland,下垂体,呼吸器系&内分泌系
throat,喉,呼吸器系&内分泌系
thymus (gland),胸腺,呼吸器系&内分泌系
thyroid (gland),甲状腺,呼吸器系&内分泌系
tonsil,扁桃,呼吸器系&内分泌系
trachea,気管   (同)wind pipe,呼吸器系&内分泌系
voice cords,声帯  (同)vocal chords,呼吸器系&内分泌系
adult tooth,永久⻭  (同)permanent tooth,消化器系
anus,肛門,消化器系
appendix,虫垂,消化器系
baby tooth,乳⻭,消化器系
canine,犬⻭  (同)eye tooth,消化器系
colon,大腸  (同)large intestine,消化器系
duodenum,十二指腸,消化器系
esophagus,食道,消化器系
gallbladder,胆嚢(たんのう),消化器系
gums,⻭肉、⻭茎,消化器系
incisor,切⻭,消化器系
liver,肝臓,消化器系
molar,大臼⻭(だいきゅうし)  cf. wisdom tooth親知らず、第三大臼⻭,消化器系
palate,上顎(うわあご)、口蓋,消化器系
rectum,直腸,消化器系
small intestine,小腸  cf. small bowel,消化器系
stomach,胃,消化器系
tongue,舌  (同)lingua,消化器系
uvula,口蓋垂,消化器系
bladder,膀胱,泌尿器系&生殖器系
fallopian tube,卵管  (同)uterine tube,泌尿器系&生殖器系
kidney,腎臓,泌尿器系&生殖器系
mammary gland,乳腺,泌尿器系&生殖器系
ovary,卵巣,泌尿器系&生殖器系
ovum,卵子  (同)egg,泌尿器系&生殖器系
penis,陰茎(いんけい),泌尿器系&生殖器系
placenta,胎盤,泌尿器系&生殖器系
prostate gland,前立腺,泌尿器系&生殖器系
scrotum,陰嚢(いんのう),泌尿器系&生殖器系
seminal vesicles,精嚢(せいのう),泌尿器系&生殖器系
sperm,精子,泌尿器系&生殖器系
testicle,精巣、睾丸  (同)testis,泌尿器系&生殖器系
umbilical cord,臍帯(さいたい),泌尿器系&生殖器系
ureter,尿管,泌尿器系&生殖器系
urethra,尿道,泌尿器系&生殖器系
uterus,子宮  (同)womb,泌尿器系&生殖器系
vagina,膣,泌尿器系&生殖器系
vas deferens,精管  (同)deferent duct,泌尿器系&生殖器系
bone,骨,筋骨格系
cartilage,軟骨,筋骨格系
cheek bone,頬骨,筋骨格系
clavicle,鎖骨  (同)collarbone,筋骨格系
hip joint,股関節,筋骨格系
humerus,上腕骨,筋骨格系
joint,関節,筋骨格系
ligament,靭帯(じんたい),筋骨格系
muscle,筋肉,筋骨格系
nasal bone,鼻骨,筋骨格系
patella,膝蓋骨(しつがいこつ)  (同)kneecap,筋骨格系
pelvis,骨盤,筋骨格系
rib,肋骨  (同)costa,筋骨格系
scapula,肩甲骨  (同)shoulder blade,筋骨格系
skull,頭蓋骨  (同)cranium,筋骨格系
spine,脊椎(せきつい)、背骨(背骨全体)  (同)backbone,筋骨格系
sternum,胸骨  (同)breast bone,筋骨格系
tendon,腱  cf. Achilles' tendon,筋骨格系
thighbone,大腿骨  (同)femur,筋骨格系
vertebra,椎骨(ついこつ),筋骨格系
amniotic fluid,羊水,体液&その他
earwax,耳垢,体液&その他
embryo,(受精後8週間未満の)胎児,体液&その他
fatty tissue,脂肪組織,体液&その他
fetus,(妊娠9週以上の)胎児,体液&その他
gastric juice,胃液,体液&その他
membrane,膜,体液&その他
Mongolian spot,小児斑、蒙古斑  (同)blue spot,体液&その他
mucus,粘液,体液&その他
pore,毛穴,体液&その他
pus,膿(のう),体液&その他
saliva,唾液,体液&その他
semen,精液,体液&その他
skin,皮膚,体液&その他
sputum,痰(たん)  (同)phlegm 発音に注意,体液&その他
stool,大便  (同)feces,体液&その他
sweat,汗,体液&その他
tear,涙  cf. ophthalmorrhea 目やに,体液&その他
urine,尿  (同)pee,体液&その他
asthma,喘息(ぜんそく),呼吸器系&耳鼻咽喉科系
bronchitis,気管支炎,呼吸器系&耳鼻咽喉科系
choking,窒息,呼吸器系&耳鼻咽喉科系
common cold,風邪、感冒,呼吸器系&耳鼻咽喉科系
cough,咳  v. 咳をする cf. dry cough 空咳、乾咳,呼吸器系&耳鼻咽喉科系
deafness,聾(ろう)、耳が不自由なこと,呼吸器系&耳鼻咽喉科系
difficulty in breathing,呼吸困難  (同)dyspnea,呼吸器系&耳鼻咽喉科系
dumbness,唖、口がきけないこと,呼吸器系&耳鼻咽喉科系
earache,耳痛,呼吸器系&耳鼻咽喉科系
emphysema,肺気腫,呼吸器系&耳鼻咽喉科系
empyema,蓄膿症,呼吸器系&耳鼻咽喉科系
flu,流行性感冒、インフルエンザ  (解説)fluはinfluenza. の略,呼吸器系&耳鼻咽喉科系
goiter,甲状腺腫,呼吸器系&耳鼻咽喉科系
hay fever,枯草熱(こそうねつ)、花粉症  cf.  pollenosis 花粉症(各種植物の花粉が起こす枯草熱),呼吸器系&耳鼻咽喉科系
hoarseness,嗄声(させい)、かれ声,呼吸器系&耳鼻咽喉科系
impaired hearing,難聴  (同)difficulty in hearing,呼吸器系&耳鼻咽喉科系
inflammation of the larynx,喉頭炎  (同)laryngitis,呼吸器系&耳鼻咽喉科系
inflammation of the middle ear,中耳炎  (同)otitis media,呼吸器系&耳鼻咽喉科系
inflammation of the nose,鼻炎  (同)rhinitis,呼吸器系&耳鼻咽喉科系
inflammation of the tonsil,扁桃炎  (同)tonsillitis,呼吸器系&耳鼻咽喉科系
laryngeal cancer,喉頭ガン,呼吸器系&耳鼻咽喉科系
loss of balance,平衡感覚喪失,呼吸器系&耳鼻咽喉科系
Meniere's syndrome,メニエール症候群,呼吸器系&耳鼻咽喉科系
mumps,おたふくかぜ、流行性耳下腺炎  (同)parotitis,呼吸器系&耳鼻咽喉科系
nasal polyp,鼻茸(はなたけ)、鼻ポリープ,呼吸器系&耳鼻咽喉科系
nosebleed,鼻血  (同)nasal bleeding,呼吸器系&耳鼻咽喉科系
otitis interna,内耳炎,呼吸器系&耳鼻咽喉科系
otorrhea,耳漏(じろう),呼吸器系&耳鼻咽喉科系
pneumonia,肺炎,呼吸器系&耳鼻咽喉科系
pneumothorax,気胸(ききょう),呼吸器系&耳鼻咽喉科系
ringing in the ears,耳鳴り  (同)tinnitus,呼吸器系&耳鼻咽喉科系
runny nose,鼻水、鼻汁  (同)nasal discharge,呼吸器系&耳鼻咽喉科系
short breath,息切れ  (同)shortness of breath,呼吸器系&耳鼻咽喉科系
sneeze,くしゃみ  v.くしゃみする,呼吸器系&耳鼻咽喉科系
snore,いびき  v.いびきをかく,呼吸器系&耳鼻咽喉科系
sore throat,喉の痛み,呼吸器系&耳鼻咽喉科系
stuffy nose,鼻づまり  (同)nasal congestion,呼吸器系&耳鼻咽喉科系
tuberculosis,結核  cf.  pulmonary tuberculosis 肺結核,呼吸器系&耳鼻咽喉科系
wheeze,ぜいぜいいう音  v.ぜいぜい息をする,呼吸器系&耳鼻咽喉科系
abnormal heart rhythm,不整脈  (同)arrhythmia,循環器内科系
aneurysm,動脈瘤(どうみやくりゆう),循環器内科系
angina pectoris,狭心症,循環器内科系
arteriosclerosis,動脈硬化症,循環器内科系
bleeding,出血  (同)hemorrhage,循環器内科系
brain hemorrhage,脳出血,循環器内科系
brain infarction,脳梗塞,循環器内科系
heart attack,心臓発作,循環器内科系
heart failure,心不全,循環器内科系
heart murmur,心雑音,循環器内科系
hemophilia,血友病,循環器内科系
high blood fat,高脂血症  (同)hyperlipidemia,循環器内科系
high blood pressure,高血圧  (同)hypertension,循環器内科系
leukemia,白血病,循環器内科系
low blood pressure,低血圧  (同)hypotension,循環器内科系
myocardial infarction,心筋梗塞,循環器内科系
palpitation,動悸,循環器内科系
stroke,発作  (解説)脳血液供給に関係する突然の神経障害を指す俗語,循環器内科系
subarachnoid hemorrhage,くも膜下出血,循環器内科系
varicose veins,静脈瘤(じようみゃくりゅう),循環器内科系
abdominal hernia,腹部ヘルニア,消化器内科系
acid stomach,胃酸過多症  (同)hyperacidity,消化器内科系
alveolar pyorrhea,⻭槽膿漏(しそうのうろう),消化器内科系
appendicitis,虫垂炎,消化器内科系
appetite loss,食欲不振  (同)anorexia,消化器内科系
bad bite,不正咬合  (同)malocclusion,消化器内科系
bad breath,口臭  (同)halitosis,消化器内科系
bloated,adj.(お腹などが)張った,消化器内科系
bloody stool,血便,消化器内科系
burp,げっぷ  v.げっぷする(同)belch,消化器内科系
canker sore,鵞口瘡(がこうそう),消化器内科系
cavity,虫⻭  (同)dental caries,消化器内科系
cholera,コレラ,消化器内科系
colon cancer,大腸ガン,消化器内科系
constipation,便秘,消化器内科系
diarrhea,下痢  (同)runs (解説)runsは俗語,消化器内科系
difficulty in swallowing,嚥下(えんげ)困難  (同)dysphagia,消化器内科系
duodenal ulcer,十二指腸潰瘍,消化器内科系
dysentery,赤痢,消化器内科系
enteritis,腸炎,消化器内科系
esophageal cancer,食道ガン,消化器内科系
fatty liver,脂肪肝,消化器内科系
food poisoning,食中毒,消化器内科系
gallstone,胆石,消化器内科系
gas,屁  (同)flatus,消化器内科系
gastric dilation,胃拡張,消化器内科系
gastric ulcer,胃潰瘍,消化器内科系
gastroatonia,胃アトニー,消化器内科系
gastroptosis,胃下垂,消化器内科系
heartburn,胸やけ  (同)pyrosis,消化器内科系
hemorrhoid,痔疾(じしつ),消化器内科系
hepatitis,肝炎  cf.  hepatitis A  A型肝炎 (解説)viral hepatitis type A (B;C)ともいう,消化器内科系
ileus,腸閉塞(ちようへいそく)  (同)intestinal obstruction,消化器内科系
indigestion,消化不良  (同)dyspepsia,消化器内科系
inflammation of the colon,大腸炎  (同)colitis,消化器内科系
inflammation of the esophagus,食道炎  (同)esophagitis,消化器内科系
inflammation of the gallbladder,胆嚢炎(たんのうえん)  (同)cholecystitis,消化器内科系
inflammation of the gums,⻭肉炎  (同)gingivitis,消化器内科系
inflammation of the mouth,口内炎  (同)stomatitis,消化器内科系
inflammation of the pancreas,膵炎(すいえん)  (同)pancreatitis,消化器内科系
inflammation of the peritoneum,腹膜炎  (同)peritonitis,消化器内科系
inflammation of the stomach,胃炎  (同)gastritis,消化器内科系
intestinal polyp,腸ポリープ,消化器内科系
irritable colon,過敏(性)結腸,消化器内科系
jaundice,⻩疸(おうだん)  (同)icterus,消化器内科系
liver cancer,肝臓ガン  (同)malignant hepatoma 悪性肝(細胞)ガン,消化器内科系
liver cirrhosis,肝硬変  (同)cirrhosis,消化器内科系
malnutrition,栄養失調,消化器内科系
nausea,むかつき、吐き気  cf.  gag v. むかつく、嘔気(おうき)を催させる,消化器内科系
prolapse of anus,脱肛(だっこう),消化器内科系
rectal cancer,直腸ガン,消化器内科系
regurgitation,逆流(吐き戻し),消化器内科系
serum hepatitis,血清肝炎  (同)viral hepatitis type B,消化器内科系
stomach cramps,胃痙攣(いけいれん)  (同)gastrospasm,消化器内科系
stomachache,腹痛  (同)abdominal pain,消化器内科系
toothache,⻭痛,消化器内科系
twisted bowel,腸捻転  (同)volvulus,消化器内科系
typhoid,腸チフス,消化器内科系
upset stomach,胃の調子が悪いこと,消化器内科系
vomit,嘔吐  v.嘔吐する、吐く (同)throw up,消化器内科系
bladder stone,膀胱結石(ぼうこうけっせき),泌尿器科系
bloody urine,血尿  (同)hematuria,泌尿器科系
enlarged prostate,前立腺肥大症  (同)prostatic hypertrophy,泌尿器科系
frequent urination,頻尿,泌尿器科系
gonorrhea,淋病,泌尿器科系
impotence,性的不能(男性),泌尿器科系
incontinence,失禁  cf. incontinence of urine 尿失禁,泌尿器科系
infertility,不妊症  (同)sterility,泌尿器科系
inflammation of the bladder,膀胱炎(ぼうこうえん)  (同)cystitis,泌尿器科系
inflammation of the kidney,腎炎  (同)nephritis,泌尿器科系
inflammation of the renal pelvis,腎孟炎(じんうえん)  (同)pyelitis,泌尿器科系
inflammation of the testicle,睾丸炎  (同)orchitis,泌尿器科系
inflammation of the urethra,尿道炎  (同)urethritis,泌尿器科系
kidney stone,腎臓結石  (同)renal stone,泌尿器科系
nephrosis,ネフローゼ,泌尿器科系
sexually transmitted disease (STD),性的感染症,泌尿器科系
syphilis,梅毒,泌尿器科系
uremia,尿毒症,泌尿器科系
urinary calculus,尿路結石  cf. urethral stone 尿道結石,泌尿器科系
venereal disease,性病  cf. sexually transmitted disease (STD) 性行為感染症,泌尿器科系
breast cancer,乳ガン,産婦人科系
breech baby,逆子(さかご),産婦人科系
candidiasis,カンジダ症,産婦人科系
cervical cancer,子宮頚ガン,産婦人科系
discharge,分泌物、おりもの,産婦人科系
ectopic pregnancy,子宮外妊娠,産婦人科系
endometriosis,子宮内膜症,産婦人科系
frigidity,不感症,産婦人科系
heavy periods,月経困難(症)  (同)dysmenorrhea,産婦人科系
hemorrhage,不正出血  (同)irregular bleeding,産婦人科系
hot flushes,閉経期ののぼせ,産婦人科系
inflammation of the mammary gland,乳腺炎  (同)mastitis,産婦人科系
inflammation of the ovary,卵巣炎  (同)oophoritis,産婦人科系
inflammation of the vagina,膣炎  (同)vaginitis,産婦人科系
inflammation of the vulva,外陰炎  (同)vulvitis,産婦人科系
irregular periods,月経異常,産婦人科系
menopausal disorder,更年期障害,産婦人科系
menorrhagia,月経過多,産婦人科系
menstrual cramps,ひどい月経痛,産婦人科系
menstrual disorder,月経障害,産婦人科系
menstrual pain,月経痛  (同)menorrhalgia,産婦人科系
miscarriage,流産  (同)abortion,産婦人科系
morning sickness,つわり,産婦人科系
ovarian cyst,卵巣嚢腫(らんそうのうしゅ),産婦人科系
placenta previa,前置胎盤(ぜんちたいばん),産婦人科系
premature birth,早産,産婦人科系
puerperal fever,産褥熱(さんじょくねつ),産婦人科系
retroflexion of the uterus,子宮後屈  cf. anteflexion of the uterus 子宮前屈,産婦人科系
still birth,死産,産婦人科系
threatened abortion,切迫流産  cf. imminent abortion 切迫流産,産婦人科系
toxicosis of pregnancy,妊娠中毒症,産婦人科系
uterine cancer,子宮ガン,産婦人科系
uterine myoma,子宮筋腫  (同)hysteromyoma,産婦人科系
whites,白帯下(はくたいげ)  (同)leukorrhea,産婦人科系
aged eyesight,老眼  (同)presbyopia,眼科系
astigmatism,乱視,眼科系
blindness,盲目,眼科系
blood shot eyes,充血した目,眼科系
blurred vision,視野のぼやけ,眼科系
cataract,白内障,眼科系
color blindness,色覚異常,眼科系
conjunctivitis,結膜炎  (同)pink-eye,眼科系
cross-eye,内斜視  cf. strabismus 斜視,眼科系
farsightedness,遠視  (同)hypermetropia,眼科系
glaucoma,緑内障,眼科系
nearsightedness,近視  (同)myopia,眼科系
night blindness,夜盲症,眼科系
retinal detachment,網膜剥離,眼科系
squint,斜視  (同)strabismus,眼科系
stye,⻨粒腫(ばくりゅうしゅ)ものもらい,眼科系
trachoma,トラコーマ(トラホーム),眼科系
watery eyes,涙目,眼科系
weak eyesight,弱視,眼科系
ADHD,注意欠陥多動症 (attention deficit hyperactive disorder),小児科系
bed-wetting,夜尿症  (同)nocturnal enuresis,小児科系
chickenpox,水痘(すいとう)  (同)varicella,小児科系
cleft palate,口蓋裂(こうがいれつ),小児科系
colic,(幼児の)激しい腹痛,小児科系
diphtheria,ジフテリア,小児科系
exanthema subitum,突発性発疹,小児科系
German measles,風疹  (同)rubella,小児科系
harelip,口唇裂(こうしんれつ),小児科系
heat cramp,熱性痙攣  (同)febrile convulsion,小児科系
infantile paralysis,脳性(小児)麻痺  (同)cerebral palsy,小児科系
low birth weight baby,低体重児,小児科系
measles,麻疹、はしか,小児科系
night cry,夜泣き,小児科系
polio,ポリオ、灰白髄炎  (同)poliomyelitis,小児科系
premature baby,早産児,小児科系
scarlet fever,猩紅熱(しょうこうねつ),小児科系
sudden infant death syndrome,乳幼児突然死症候群(SDS)  (同)crib death,小児科系
water baby,水頭症、脳水腫  (同)hydrocephalus,小児科系
whooping cough,百日咳  (同)pertussis,小児科系
acrophobia,高所恐怖症,精神科系
alcoholism,アルコール中毒,精神科系
Alzheimer's disease,アルツハイマー病,精神科系
amnesia,記憶喪失,精神科系
aphasia,失語症  cf. dysphasia 失語症,精神科系
auditory hallucination,幻聴,精神科系
autism,自閉症,精神科系
autonomic imbalance,自律神経失調症,精神科系
bulimia,過食症,精神科系
coma,昏睡,精神科系
concussion,脳震盪(のうしんとう),精神科系
dementia,認知症  cf. senile dementia 老人性認知症,精神科系
depression,うつ病,精神科系
derangement,精神錯乱、精神障害  (同)insanity,精神科系
disorientation,見当識障害,精神科系
eating disorder,摂食障害,精神科系
epilepsy,癲癇(てんかん),精神科系
faint,気絶  v.気絶する cf.  blackout 一時的な意識喪失,精神科系
fits,(癲癇の)発作  (同)seizure,精神科系
forgetfulness,物忘れ,精神科系
hallucination,幻視、幻覚,精神科系
headache,頭痛  cf. migraine 偏頭痛,精神科系
hysteria,ヒステリー,精神科系
insomnia,不眠症,精神科系
mania,そう病,精神科系
manic-depressive psychosis,そううつ病,精神科系
mental retardation,精神遅滞,精神科系
narcotic addiction,麻薬中毒  cf. withdrawal symptom 禁断症状,精神科系
nervous breakdown,ノイローゼ  (同)neurosis,精神科系
nervousness,不安  (同)anxiety,精神科系
obsession,強迫観念,精神科系
Parkinson's disease,パーキンソン病,精神科系
persecutory delusion,被害妄想,精神科系
psychic trauma,精神的外傷,精神科系
psychosis,精神病,精神科系
PTSD,外傷後ストレス障害( post traumatic stress disorder),精神科系
schizophrenia,統合失調症,精神科系
sitophobia,拒食症、恐食症  (同)cibophobia,精神科系
sleep disorder,睡眠障害,精神科系
stupor,意識朦朧(もうろう),精神科系
abrasion,擦り傷,外科・整形外科系
arthritis,関節炎,外科・整形外科系
backache,背中の痛み、腰痛,外科・整形外科系
bedsore,床ずれ,外科・整形外科系
bow-leggedness,O脚,外科・整形外科系
broken bones,骨折  (同)fracture,外科・整形外科系
bruise,打撲傷  (同)contusion,外科・整形外科系
bump,こぶ,外科・整形外科系
burn,やけど,外科・整形外科系
caries,カリエス(骨質の腐食),外科・整形外科系
cramp,けいれん、こむらがえり,外科・整形外科系
curvature of the spine,脊椎弯曲(せきついわんきょく)  cf. scoliosis 側弯,外科・整形外科系
cut wound,切り傷  (同)incised wound,外科・整形外科系
deformity,奇形,外科・整形外科系
degeneration,退化,外科・整形外科系
dislocation,脱臼  (同)luxation,外科・整形外科系
flat foot,偏平足  (同)pes planus,外科・整形外科系
frostbite,凍傷  cf. chilblains しもやけ,外科・整形外科系
frozen shoulder,五十肩  (同)shoulder tendinitis,外科・整形外科系
gout,痛風  (同)podagra,外科・整形外科系
herniated disk,椎間板ヘルニア,外科・整形外科系
hunchback,脊柱後弯症、ねこ背  cf. lordosis脊柱前弯症,外科・整形外科系
infected wound,感染創,外科・整形外科系
injury,損傷、外傷,外科・整形外科系
insect bite,虫さされ,外科・整形外科系
keloid,ケロイド,外科・整形外科系
laceration,裂傷,外科・整形外科系
limp,片足をひきずること  v.片足をひきずる,外科・整形外科系
lower back pain,腰痛  (同)lumbago,外科・整形外科系
muscular dystrophy,筋ジストロフィー,外科・整形外科系
neuralgia,神経痛,外科・整形外科系
numb,しびれた、無感覚の,外科・整形外科系
osteoporosis,骨粗鬆(こつそしょう)症,外科・整形外科系
paralysis,麻痺,外科・整形外科系
pigeon-toed,内股の,外科・整形外科系
rheumatism,リューマチ,外科・整形外科系
rupture,(内臓)破裂,外科・整形外科系
scald,熱傷,外科・整形外科系
scar,傷跡,外科・整形外科系
sciatica,座骨神経痛  (同)sciatic neuralgia,外科・整形外科系
scratch,引っ掻き傷,外科・整形外科系
shake,(発熱、寒さによる)震え  (同)shiver,外科・整形外科系
sore muscles,筋肉痛,外科・整形外科系
spasm,痙攣、ひきつけ,外科・整形外科系
sprain,捻挫  v.挫折する cf.  sprained finger 突き指,外科・整形外科系
stiffness,こり、硬直  cf. stiff shoulder 肩こり,外科・整形外科系
strain,くじく、筋を違える,外科・整形外科系
tenderness,圧痛(あっつう),外科・整形外科系
tendovaginitis,腱鞘炎(けんしょうえん),外科・整形外科系
tennis elbow,テニス肘,外科・整形外科系
torn muscle,肉離れ,外科・整形外科系
whiplash injury,むち打ち症,外科・整形外科系
wound,創傷(そうしょう),外科・整形外科系
acne,にきび  (同)pimple,皮膚科
alopecia areata,円形脱毛症,皮膚科
athlete's foot,水虫  (同)dermatophytosis,皮膚科
atopic dermatitis,アトピー性皮膚炎,皮膚科
axillary odor,わきが  (同)hircismus,皮膚科
birthmark,あざ,皮膚科
blister,水膨れ,皮膚科
boil,おでき,皮膚科
chapped skin,あかぎれ,皮膚科
cold sore,単純ヘルペス  (同)herpes simplex,皮膚科
corn,胼胝(たこ),皮膚科
dandruff,ふけ,皮膚科
drug eruption,薬疹  (同)drug rash,皮膚科
eczema,湿疹,皮膚科
erysipelas,丹毒(たんどく),皮膚科
gangrene,壊疽(えそ),皮膚科
heat rash,あせも,皮膚科
heavy sweating,多汗(症)  (同)hidrosis,皮膚科
herpes zoster,帯状疱疹(たいじょうほうしん)  (同)shingles,皮膚科
impetigo,とびひ、伝染性膿痂疹,皮膚科
itch,かゆみ  cf. itchy かゆい,皮膚科
leprosy,ライ病,皮膚科
malignant lentigo,悪性ほくろ,皮膚科
melanoma,黑色腫、メラノーマ,皮膚科
mole,ほくろ、色素性母斑,皮膚科
pemphigus,天疱瘡(てんぽうそう),皮膚科
psoriasis,乾癬(かんせん),皮膚科
rash,発疹  (同)eruption,皮膚科
ringworm,白癬(はくせん)  (同)tinea cruris,皮膚科
skin cancer,皮膚ガン,皮膚科
verruca,いぼ  (同)wart,皮膚科
wheal,蕁麻疹(じんましん)  (同)urticaria,皮膚科
whitlow,ひょう疽  (同)felon,皮膚科
AIDS,エイズ(後天性免疫不全症候群)  Acquired lmmunodeficiency Syndrome,その他の病気
allergic disease,アレルギー性疾患,その他の病気
autointoxication,自家中毒,その他の病気
Basedow's disease,バセドウ病,その他の病気
beriberi,脚気(かっけ),その他の病気
carbon monoxide poisoning,一酸化炭素中毒  (同)hydrocarbonism,その他の病気
chronic fatigue syndrome,慢性疲労症候群,その他の病気
collagen disease,膠原(こうげん)病,その他の病気
diabetes,糖尿病,その他の病気
Down's syndrome,ダウン症候群,その他の病気
hospital acquired infection,院内感染,その他の病気
Japanese encephalitis,日本脳炎,その他の病気
malaria,マラリア,その他の病気
mountain sickness,高山病,その他の病気
rabies,狂犬病,その他の病気
rickets,くる病  (同)rachitis,その他の病気
scurvy,壊血(かいけつ)病,その他の病気
sepsis,敗血症,その他の病気
smallpox,天然痘,その他の病気
sunstroke,日射病  cf. heatstroke 熱射病,その他の病気
ache,痛み  (同)pain,一般的症状
adhesion,癒着,一般的症状
chill,悪寒,一般的症状
convulsions,ひきつけ、痙阜  (同)spasm,一般的症状
cyst,嚢胞(のうほう),一般的症状
dehydration,脱水  cf. dehydrated 脱水状態の,一般的症状
dizziness,めまい  cf. vertigo (回転性の)めまい,一般的症状
drowsiness,眠気,一般的症状
edema,むくみ,一般的症状
erosion,びらん,一般的症状
fatigue,疲労,一般的症状
fever,熱,一般的症状
inflammation,炎症,一般的症状
malaise,倦怠(感)  cf. listless 疲れて元気のない,一般的症状
obesity,肥満  (同)overweight,一般的症状
polyp,ポリープ,一般的症状
swelling,腫れ  cf. swollen 腫れた,一般的症状
tumor,腫瘍,一般的症状
ulcer,潰瘍,一般的症状
weight loss,体重減少,一般的症状
angiography,血管造影,検査
barium enema,バリウム注腸検査(BE),検査
biopsy,生検(生体組織検査)、バイオプシー  cf.  biopsy tissue生検組織,検査
blood sugar,血糖値  (同)glucose,検査
blood test,血液検査  cf.  taking a blood sample 採血すること,検査
bronchoscopy,気管支鏡検査,検査
check by listening,聴診  (同)auscultation,検査
cholesterol count,コレステロール値,検査
complete blood count,完全血球算定(CBC),検査
computed tomography,"コンピューター連動断層撮影(CT, CAT scan)",検査
digital examination,指診,検査
echography,超音波検査法(ECHO)  (同)ultrasonography,検査
electrocardiography,"心電図検査(ECG, EKG)",検査
electroencephalography,脳波図検査(EEG),検査
electromyography,筋電図検査,検査
endoscopy,内視鏡検査,検査
erythrocyte sedimentation rate,赤血球沈降速度率(ESR),検査
gastroscopy,胃カメラ検査,検査
glucose tolerance test,耐糖試験(GTT),検査
hearing test,聴力検査  cf. hearing 聴力,検査
internal examination,内診,検査
lumbar puncture,腰椎穿刺(ようついせんし)(LP)  cf. spinal tap 脊髄穿刺,検査
lung capacity test,肺活量検査,検査
magnetic resonance imaging,磁気共鳴画像診断法(MRI),検査
mammogram,乳房レントゲン,検査
mean corpuscular hemoglobin,平均赤血球血色素量(MCH),検査
palpation,触診,検査
pap test,パップテスト、子宮ガン検査(Pap)  (同)pap smear cf. papはギリシアの細胞学者Papanicolaouの略,検査
physical checkup,身体検査  (同)physical examination,検査
rectal examination,直腸診,検査
red blood count,赤血球数(RBC),検査
sputum test,喀痰(かくたん)検査,検査
stool examination,便検査  cf. occult blood 潜血,検査
TB test,ツベルクリン反応  cf.  tuberculin skin test (解説)TBはtuberculosisの略,検査
urinalysis,尿検査(U/A)  (同)urine test,検査
vision test,視力検査  cf. eyesight 視力,検査
white blood count,白血球数(WBC),検査
X-ray test,X線検査  cf. fluoroscopy 透視,検査
acquired,後天性の  cf. congenital 先天性の,診断・治療
acupuncture,鍼(はり)療法,診断・治療
amputation,切断術,診断・治療
anesthesia,麻酔  cf. anesthetic 麻酔薬,診断・治療
antibiotic,抗生剤、抗生物質,診断・治療
antidiarrheal,下痢止め  (同)antidiarrhetic,診断・治療
antidote,解毒剤,診断・治療
antifebrile,解熱剤  (同)antipyretic,診断・治療
anti-inflammatory drug,消炎剤,診断・治療
artificial abortion,中絶,診断・治療
artificial insemination,人工受精,診断・治療
artificial respiration,人工呼吸,診断・治療
bacterial,細菌性の  cf. viral ウイルス性の,診断・治療
blood transfusion,輸血,診断・治療
C(a)esarean section,帝王切開(C-section),診断・治療
capsule,カプセル剤,診断・治療
chemotherapy,化学療法,診断・治療
complication,合併症,診断・治療
contagious,伝染性の、感染性の  (同)communicable,診断・治療
cough medicine,鎮咳剤(ちんがいざい)  (同)antitussive,診断・治療
cure,治療  v.治療する,診断・治療
diagnosis,診察、診断  v. diagnose  cf. findings 所見,診断・治療
dialysis,透析,診断・治療
digestive medicine,消化剤  (同)digestant,診断・治療
diuretic,利尿薬,診断・治療
dosage,投薬(量)  (解説)薬剤その他の治療薬を処方された量だけ与えること,診断・治療
dose,服用量  cf. daily dose 一日量,診断・治療
drainage,ドレナージ(排液すること),診断・治療
enema,浣腸,診断・治療
external application,外用薬,診断・治療
eye drops,点眼薬,診断・治療
first aid (treatment),応急処置,診断・治療
gastrectomy,胃切除  (同)gastric resection,診断・治療
gene therapy,遺伝子療法,診断・治療
herbal medicine,漢方薬  (同)Chinese medicine,診断・治療
hereditary,遺伝性の、先天性の  (同)inborn,診断・治療
immunotherapy,免疫療法,診断・治療
incubation period,潜伏期間,診断・治療
infectious,感染性の  cf. infection 感染,診断・治療
injection,注射  cf. intravenous injection 静脈注射,診断・治療
laxative,下剤,診断・治療
liquid (medicine),水薬,診断・治療
malignant,悪性の  cf. benign 良性の,診断・治療
nasal spray,鼻づまりスプレー,診断・治療
ointment,軟膏,診断・治療
organ transplant,臓器移植,診断・治療
painkiller,痛み止め、鎮痛剤,診断・治療
pharmacotherapy,薬物療法,診断・治療
physical therapy,理学療法,診断・治療
poultice,湿布薬,診断・治療
powder medicine,粉薬  (同)granule 顆粒,診断・治療
prescription drugs,処方薬  cf. over-the-counter (OTC) medicine 市販薬,診断・治療
prognosis,予後,診断・治療
psychosomatic,心因性の,診断・治療
radiotherapy,放射線療法  (同)radiation therapy,診断・治療
recover,回復する  (同)get better,診断・治療
recurrence,再発,診断・治療
rejection,拒絶反応,診断・治療
resuscitation,蘇生術,診断・治療
sedative,鎮静剤,診断・治療
sequela,後遺症  (同)aftereffect,診断・治療
side effect,副作用  (同)adverse effect,診断・治療
sleeping pill,睡眠薬,診断・治療
spread,転移   (同)metastasis、 v.転移する、拡がる,診断・治療
stage,期  cf. initial stage 初期、terminal stage 末期,診断・治療
sterilization,滅菌法、不妊手術,診断・治療
sublingual medicine,舌下錠,診断・治療
subside,静まる、おさまる、腫れがひく  cf. remission 寛解(かんかい)、小康状態,診断・治療
suppository,坐薬,診断・治療
surgery,手術  (同)operation,診断・治療
suspect,疑う,診断・治療
tablet,錠剤,診断・治療
absorbent cotton,脱脂綿  (同)cotton balls,医療機器
adhesive bandage,絆創膏(ばんそうこう)  (同)adhesive plaster,医療機器
ambulance,救急車,医療機器
anesthesia apparatus,麻酔装置,医療機器
antiseptic solution,消毒液  cf. disinfectant 消毒剤,医療機器
applicator,綿棒  (同)cotton swab (解説)日常会話で綿棒はQ-tipとも呼ばれる,医療機器
artificial dialyzer,人口透析装置,医療機器
artificial heart pump,人工心肺  (同)heart-lung machine,医療機器
audiometer,聴力計,医療機器
autoclave,オートクレーブ、加圧滅菌器,医療機器
bandage,包帯,医療機器
basin,洗面器,医療機器
bed sheet,シーツ,医療機器
bedpan,おまる、採便器,医療機器
breast pump,搾乳器,医療機器
cast,ギプス  (同)plaster,医療機器
catheter,カテーテル,医療機器
clamp,鉗子(かんし)、クランプ  (同)forceps,医療機器
contraceptive,避妊用具、避妊薬,医療機器
crash cart,救急ワゴン,医療機器
crutches,松葉杖,医療機器
delivery stand,分娩台  (同)delivery table,医療機器
diaper,おむつ,医療機器
disposable,使い捨ての,医療機器
distilled water,蒸留水  (同)D/W,医療機器
dressing cart,包帯交換ワゴン  cf.  dressing 手当て、包帯(をすること),医療機器
dynamometer,握力計  (同)squeeze dynamometer,医療機器
endoscope,内視鏡,医療機器
enema (syringe),浣腸(器),医療機器
eye chart,視力検査表,医療機器
eye patch,眼帯,医療機器
false teeth,入れ⻭  cf. dentures 総入れ⻭,医療機器
fiberscope,ファイバースコープ,医療機器
gastroscope,胃カメラ,医療機器
gauze,ガーゼ,医療機器
hearing aid,補聴器,医療機器
ice bag,氷嚢(ひょうのう)  cf. ice pillow 氷枕,医療機器
incubator,保育器、保温器,医療機器
inhaler,吸入器,医療機器
irrigator,洗浄器、イリガートル,医療機器
IV stand,点滴台  (同)IV pole,医療機器
lancet,披(ひらき)針、ランセット,医療機器
laparoscope,腹腔鏡,医療機器
life-support system,生命維持装置,医療機器
microscope,顕微鏡,医療機器
monitor,監視装置、モニター,医療機器
nebulizer,吸入器、噴霧器,医療機器
needle,注射針,医療機器
nursing bottle,哺乳びん  (同)feeding bottle,医療機器
operating table,手術台,医療機器
oxygen mask,酸素マスク  cf. oxygen tent 酸素テント,医療機器
pacemaker,ペースメーカー,医療機器
prosthesis,人工器官、補綴(ほてつ)  cf. ocular prosthesis 義眼,医療機器
protective shield,放射線用プロテクター  (同)lead apron,医療機器
respirator,人工呼吸器,医療機器
retractor,レトラクター、開創器,医療機器
rubber glove,ゴム手袋,医療機器
scalpel,メス  cf. laser scalpel レーザーメス,医療機器
sling,三角巾、つり包帯,医療機器
sphygmomanometer,血圧計,医療機器
spirometer,肺活量計,医療機器
splint,副木(ふくぼく),医療機器
spout,尖った飲み口,医療機器
steamer,蒸気吸入器,医療機器
stethoscope,聴診器,医療機器
stretcher,担架  (同)litter,医療機器
suction machine,吸引器,医療機器
syringe,注射器  (同)injector,医療機器
test tube,試験管,医療機器
thermometer,体温計,医療機器
tongue depressor,舌圧子(ぜつあつし),医療機器
tweezers,ピンセット  (同)small forceps,医療機器
ultrasonograph,超音波(診断装置),医療機器
urinal,蓄尿器,医療機器
urine bottle,採尿器、蓄尿器,医療機器
walker,歩行器,医療機器
wheelchair,車椅子,医療機器
wheeled stretcher,担架車、ストレッチヤー  (同)gurney,医療機器
X-ray apparatus,X線撮影装置,医療機器
acupuncturist,鍼灸医(しんきゆうい)  cf. acupuncture 鍼灸,部署
anesthesiology,"麻酔科  cf. anesthesiologist, anesthetist 麻酔医",部署
attending physician,主治医、担当医  cf. Teaching Hospital(教育病院)に在籍する医師の意味もある。,部署
cardiology,心臓(病)学  cf. cardiologist 心臓(病)学者、心臓専門医,部署
chiropractic,整体科  cf. chiropractor 整体師,部署
dental hygienist,⻭科衛生士,部署
dental technician,⻭科技工士,部署
dentistry,⻭科  cf. dentist ⻭科医,部署
dermatology,皮膚科  cf. dermatologist 皮膚科医,部署
dietitian,栄養士  (同)nutritionist,部署
emergency medical technician (EMT),救急救命士,部署
endocrinology,内分泌学  cf. endocrinologist 内分泌学者,部署
gastroenterology,胃腸病学  cf. gastroenterologist 胃腸病学者,部署
general practitioner,一般開業医(GP)  cf. family doctor 家庭医,部署
geriatrics,老年医学  cf. geriatrician 老年医学者,部署
gynecology,婦人科  cf. gynecologist 婦人科医,部署
head nurse,看護師⻑,部署
hematology,血液(病)学  cf. hematologist 血液(病)学者,部署
internal medicine,内科  cf. internist 内科医,部署
nurse,看護師,部署
mental hospital,精神病院,部署
midwife,助産師,部署
neurology,神経学科  cf. neurologist 神経学者,部署
neurosurgery,脳神経外科学  cf.  Neurosurgeon 脳神経外科医,部署
obstetrics,産科  cf. obstetrician 産科医,部署
oncology,腫瘍学  cf. oncologist 腫瘍学者,部署
ophthalmology,眼科  cf. ophthalmologist 眼科医,部署
orthodontics,矯正⻭科  cf. orthodontist 矯正⻭科医,部署
orthopedics,整形外科  cf. orthopedist 整形外科医,部署
oto(rhino)laryngology,耳鼻咽喉科  cf. oto(rhino)laryngologist 耳鼻咽喉科医,部署
paramedic,救急医療士、医療補助員,部署
pediatrics,小児科  cf. pediatrician 小児科医,部署
pharmacist,薬剤師  (同)chemist(英),部署
physical therapist,理学療法士,部署
physician,医者、内科医  cf. general practitioner (GP) 一般開業医,部署
plastic surgery,形成外科  cf. plastic surgeon 形成外科医,部署
podiatry,足病学  cf. podiatrist 足病治療医,部署
psychiatry,精神科  cf. psychiatrist 精神科医,部署
radiology,放射線科  cf. radiologist 放射線科医,部署
registered nurse,正看護師(RN)  cf.  licensed practical nurse (L.P.N.) 准看護師,部署
speech therapist,スピーチセラピスト、言語療法士,部署
surgery,外科  cf. surgeon 外科医,部署
surgical nurse,手術専門看護師  cf. scrub nurse 器具の洗浄などを行う看護師,部署
technician,技師  cf. X-ray technician エックス線技師,部署
urology,泌尿器科  cf. urologist 泌尿器科医,部署
veterinarian,獣医,部署
admission desk,入院受付窓ロ,病院・施設
cafeteria,食堂  cf. staff cafeteria 職員食堂,病院・施設
delivery room,分娩室  cf. labor room 陣痛室,病院・施設
duty doctor's room,(医師)当直室  cf. night nurse's room(看護師)当直室,病院・施設
emergency exit,非常口  (同)fire escape,病院・施設
emergency room,救急処置室(ER),病院・施設
examining room,診察室  (同)office,病院・施設
general hospital,総合病院,病院・施設
germ-free room,無菌室  (同)sterilized room,病院・施設
hall(way),廊下  (同)corridor,病院・施設
hospital store,売店,病院・施設
intensive care unit,集中治療室(ICU),病院・施設
laboratory room,検査室,病院・施設
laundry room,洗濯室,病院・施設
linen room,リネン室,病院・施設
locker room,更衣室,病院・施設
lounge,休憩室,病院・施設
mortuary,霊安室  (同)morgue,病院・施設
nurses' station,ナースステーション,病院・施設
nursing home,老人ホーム,病院・施設
operating room,手術室  (同)surgical theater,病院・施設
patient's room,病室  (同)sickroom (英),病院・施設
pharmacy,薬局  (同)dispensary 病院の調剤室、薬局,病院・施設
reception desk,受付,病院・施設
record storage center,病歴室,病院・施設
treatment room,処置室,病院・施設
university hospital,大学病院,病院・施設
utility room,ユーティリティールーム  (解説)洗濯機や冷蔵庫、掃除機などを保管しておく場所,病院・施設
waiting room,待合室  (同)waiting area,病院・施設
ward,病棟,病院・施設
X-ray room,レントゲン室,病院・施設
"a-, an-, ar-",無、欠乏  anemia貧血、arrhythmia不整脈,接頭辞
ab-,離れて  abnormal異常な、abortion 流産、人工中絶,接頭辞
ad-,方向、変化  addiction常用、adrenal 副腎,接頭辞
aden[o]-,腺  adenitis腺炎、adenomatosis 腺腫症,接頭辞
aero-,空気  aerobic好気性の、aerotonometer気圧計,接頭辞
angio-,血管  angiography血管造影法、angiopathy 血管障害,接頭辞
ante-,〜の前  antenatal出生前の、anteflexion 前屈,接頭辞
anti-,反、非、対  antibody抗体、antibacterial抗菌の,接頭辞
arter[i]-,動脈  arteriosclerosis動脈硬化症、arteritis動脈炎,接頭辞
audio-,聴覚  audiometer聴力計、audiology聴能学,接頭辞
aut[o]-,自身  autointoxication自家中毒、autoclasis自己破壊,接頭辞
bi-,2倍、2度  bilateral両側の、bifurcation分岐,接頭辞
bio-,生物、生活  biology生物学、biopsy生検,接頭辞
carcin[o]-,ガン  carcinogen発ガン物質、carcinoma ガン,接頭辞
cardi[o]-,心臓  cardiology心臓病学、cardialgia心臓痛,接頭辞
chem[o]-,化学  chemotherapy化学療法、chemosensitive化学的感受性の,接頭辞
chrom[o]-,色  chromosome染色体、chromoblast色素芽細胞,接頭辞
circum-,円運動、周囲  circumference周径、circumcision環状切除(術),接頭辞
"co-, com(l, m, r)-",共同、共通、相互  coagulation凝固、complication合併症,接頭辞
contra-,逆、反対  contraception避妊、contrast対比,接頭辞
counter-,反対、対立  counteraction桔抗作用、counterdepressant抗抑制薬,接頭辞
de-,下降、分離、悪化  dehydration脱水、dementia痴呆,接頭辞
derm[o]-,皮膚  dermatology皮膚科学、dermatitis皮膚炎,接頭辞
dia-,〜を通して  diameter直径、diarrhea下痢,接頭辞
dis-,分離、脱、反対  disease病気、dislocation脱臼,接頭辞
dys-,変質、異常、困難  dyspepsia消化不良、dysphonia発声困難,接頭辞
encephal[o]-,脳  encephalitis脳炎、encephalopathy脳疾患,接頭辞
end[o]-,〜の中の、内部の  endocrine内分泌、endoscope内視鏡,接頭辞
epi-,上の、次の  epidemic流行病、epidermis表皮,接頭辞
"ex-, ec-",〜から外に、全く  excrete排泄する、excision切除,接頭辞
extra-,外部の  extracorporeal【形】体外のextravasation滲出(しんしゆつ),接頭辞
fore-,前の  forearm前腕、forefinger 人差し指,接頭辞
gastr[o]-,胃  gastroscope胃カメラ、 gastritis胃炎,接頭辞
hem[o]-,血  hemorrhage出血、hemophilia血友病,接頭辞
hemi-,半分  hemisphere半球、hemispasm片側痙攣,接頭辞
hepat[o]-,肝臓  hepatitis肝炎、hepatoma肝臓ガン,接頭辞
hetero-,異、不同  heterogeneous異質の、heteroantibody異種抗体,接頭辞
"homeo-, hom[o]-",同、類似  homogeneous同質の、homeostasis恒常性,接頭辞
hydro-,水  hydrophobia狂犬病 恐水病、 hydrodipsomania口渇狂,接頭辞
hyper-,過剰、上部  hypertension高血圧、hyperactivity多動症,接頭辞
hypo-,欠乏、水準以下  hypotension低血圧、hypomenorrhea月経過少症,接頭辞
immuno-,免疫  Immunology免疫学、immunoreaction免疫反応,接頭辞
"in-,im-",否定を表わす  invalid病弱な、immature未熟の,接頭辞
"in-, im-",内へ  insertion挿入、implantation移植,接頭辞
infra-,下へ  infrared赤外線、infrascapular肩甲骨下の,接頭辞
inter-,〜の間の  intercostal肋間の、intermittent間欠性の,接頭辞
intra-,〜内の  intravenous静脈内の、intragastric胃内の,接頭辞
intro-,〜の中へ  Introvert内向的な、introjection摂取,接頭辞
leuk[o]-,白い  leukemia白血病、leukocyte白血球,接頭辞
macro-,大きい  macroscopic肉眼的な、macrophage大食細胞,接頭辞
mega[lo]-,巨大  megalomania誇大妄想、megadactyly巨指症,接頭辞
meta-,変化、〜の後の  metastasis転移、metabolism(新陳)代謝,接頭辞
micro-,小さい  microbiology微生物学、microorganism微生物,接頭辞
mono-,単一の  monochromasia色盲、mononucleosis単核細胞症,接頭辞
multi-,多数の  multiple多発性の、multigravida経妊婦,接頭辞
myo-,筋肉  myocarditis心筋炎、myography筋運動描記法,接頭辞
neo-,新しい  neonatal新生児の、neogala 初乳,接頭辞
nephr[o]-,腎臓  nephritis腎炎、nephrosisネフローゼ,接頭辞
neur[o]-,神経  neurosis、神経症neuroblastoma神経芽腫,接頭辞
ost[eo]-,骨  osteoporosis骨粗しよう症、osteosarcoma骨肉腫,接頭辞
para-,副、傍  parasite寄生生物、parasympathetic副交感神経の,接頭辞
per-,通過、過度  perforation穿孔、percolationろ過,接頭辞
pneumo-,肺、空気  pneumonia肺炎、pneumonectomy肺切除術,接頭辞
post-,後の、後方の  postoperative術後の、postnatal生後の,接頭辞
pre-,前の  premature未熟の、prenatal出生前の,接頭辞
pro-,前の  prognosis予後(前もって知ること)、prostate前立腺,接頭辞
pseudo-,仮の、偽の  pseudocyesis想像妊娠、pseudomyopia仮性近視,接頭辞
psycho-,精神、心  psychotherapy心理療法、psychology心理学,接頭辞
radio-,放射、光線  radiogram X線写真、radiology放射線科学,接頭辞
re-,再び、後方へ  reproduction生殖、再生recurrence再発,接頭辞
retro-,後方、後部  retroflexion後屈、retrogression退行、退化,接頭辞
sub-,下方の  subconscious意識下の、subarachnoidクモ膜下の,接頭辞
"super-,supra-",過剰、上部  superficial表在性の、supratonsillar扁桃上の,接頭辞
"syn-,sym-",合同、統合  syndrome症候群、synapseシナプス、接合部,接頭辞
thermo-,熱  thermometer温度計、thermotherapy温熱療法,接頭辞
trans-,横切って  transfusion輸血、transverse横行の,接頭辞
ultra-,超  ultrasonic超音波の、ultraviolet紫外線の,接頭辞
un-,無、否  unconscious無意識の,接頭辞
uni-,単一の  unilateral片側の、uniform同形の,接頭辞
ur[o]-,尿  urology泌尿器科学、urine尿,接頭辞
-algia,痛  neuralgia神経痛、gastralgia胃痛,接尾辞
-cyte,細胞  lymphocyteリンパ球、erythrocyte赤血球,接尾辞
-ectomy,切除(術)  appendectomy虫垂切除、gastrectomy胃切除,接尾辞
-emia,血症  leukemia白血病、anemia貧血,接尾辞
-gen,生ずるもの  pathogen病原体、antigen抗原,接尾辞
-gram,記録図  electrocardiogram心電図、electromyogram筋電図,接尾辞
-graph,記録装置  cardiograph心拍記録器、myograph筋運動記録器,接尾辞
-ia,〜症  insomnia不眠症、dementia痴呆症,接尾辞
-itis,炎症  arthritis関節炎、hepatitis肝炎,接尾辞
"-logy, -ology",学、研究  gynecology婦人科学、anesthesiology麻酔科学,接尾辞
-mania,狂気  monomania偏執狂、megalomania誇大妄想,接尾辞
-meter,計器  thermometer温度計、audiometer聴力計,接尾辞
-oma,腫瘍  adenoma腺腫、carcinomaガン,接尾辞
-osis,〜症  tuberculosis結核、adiposis脂肪症,接尾辞
"-pathy, -opathy",病的状態  neuropathy神経障害,接尾辞
-phobia,恐怖症  acrophobia高所恐怖症、claustrophobia閉所恐怖症,接尾辞
-rrhea,流出  diarrhea下痢、rhinorrhea鼻漏,接尾辞
-scope,見る(検査する)機械  stethoscope聴診器、microscope顕微鏡,接尾辞
-tomy,切開(術)  episiotomy会陰切開、tonsillectomy扁桃摘出(術),接尾辞
-trophy,栄養、食物  atrophy栄養不足による萎縮,接尾辞
A&P,打聴診  auscultation and percussion,略語
Abn,異常な  abnormal,略語
Admin,投与、管理  administration,略語
Ag,抗原  antigen,略語
AVR,平均排尿率  average voiding rate,略語
BCG vaccine,(カルメット・ゲラン)ワクチン  bacille Calmette-Guerin,略語
BM,基礎代謝  basal metabolism cf.  MI (metabolic index) 代謝指数,略語
BM,便通、排便  bowel movement,略語
BMI,体格係数  body mass index,略語
BP,血圧  blood pressure,略語
BS,血糖  blood sugar,略語
BT,体温  body temperature  cf.  RT (rectal temperature) 直腸温,略語
ca.,およそ、約  circa,略語
CBR,絶対安静  complete bed rest,略語
CC,主訴  chief complaint,略語
CI,心係数  cardiac index,略語
CPR,心肺蘇生術  cardiopulmonary resuscitation,略語
D&C,頚管拡張子宮掻爬術  dilatation and curettage,略語
DD,劇薬  dangerous drug,略語
DNR,蘇生術禁止  do not resuscitate,略語
DOB,生年月日  date of birth cf.  DOD ( date of death ) 死亡年月,略語
DOS,手術年月日  date of surgery,略語
DPT,"3種混合ワクチン(ジフテリア・百日咳・破傷風ワクチン)  diphtheria, pertussis, tetanus vaccine",略語
EDD,出産予定日  expected date of delivery,略語
Eq,当価量  equivalent,略語
F,空腹時(検査)  fasting test,略語
FD,致死量  fatal dose (同)LD (lethal dose),略語
FH,家族歴  family history,略語
GA,全身麻酔  general anesthesia,略語
GI,胃腸の  gastrointestinal,略語
GPC,全身身体状態  general physical condition,略語
gr+,グラム陽性菌  gram-positive bacteria,略語
H&P,病歴と身体所見  history and physical examination,略語
HIV,エイズウイルス  human immunodeficiency virus,略語
HLA,ヒト白血球抗原  human leukocyte antigen,略語
HR,心拍数  heart rate,略語
I&O,摂取量と排出量  intake and output,略語
IQ,知能指数  intelligence quotient,略語
IV,静脈内の  intravenous,略語
KUB,"腎、尿管、膀胱  kidney, ureter, and bladder",略語
LMP,最終月経期  last menstrual period,略語
LOM,運動制限  limitation of movement,略語
MR,医療記録  medical record  cf.  MR (medicine reaction)薬物反応,略語
NBM,絶食  nothing by mouth,略語
ND,データなし  no data cf.  ND (not detected)検出されない,略語
neg,陰性の  negative cf.  pos(positive)陽性の,略語
NG,経鼻栄養チューブ  nasogastric tube,略語
NR,再調剤禁止  non repetatur,略語
NV,予防接種をしていない  non-vaccinated,略語
NZ,正常範囲  normal zone,略語
OTC,市販薬  over-the-counter medicine,略語
PH,既病歴  past history,略語
PI,現病歴  present illness,略語
po,経口で  per os,略語
PO,開始時期  period of onset,略語
PR,脈拍数  pulse rate,略語
Px,予後  prognosis,略語
resus,蘇生術  resuscitation,略語
RR,呼吸数  respiratory rate,略語
SC,皮下の  subcutaneous,略語
stat,直ちに  statim,略語
TPR,"体温、脈、呼吸数  temperature, pulse, and respiration",略語
UC,尿カテーテル  urinary catheter,略語
VS,生命兆候(体温、心拍数、血圧、呼吸数)  vital sign,略語
ability,能力,基礎
abnormal,異常な  cf. normal 正常な,基礎
abnormality,異常性  adj. abnormal,基礎
absence,非存在、欠如  adj. absent,基礎
absent,非存在の、欠如した  n. absence,基礎
absolute,絶対的な,基礎
absorption,吸収  v. absorb,基礎
abstract,抽象的な,基礎
abstract,抄録、要約  v. 要約する、抽出する,基礎
abundance,存在量(度),基礎
abundant,大量の,基礎
abuse,乱用  v. 乱用する,基礎
access,接近  v. 接近する,基礎
accessory,付属の、副­,基礎
accumulate,蓄積する  n. accumulation,基礎
accumulation,蓄積  v. accumulate,基礎
accuracy,正確さ  adj. accurate,基礎
accurate,正確な  n. accuracy,基礎
achieve,達成する  n. achievement,基礎
acid,酸,基礎
acidic,酸性の,基礎
acquired,後天性の  cf. acquired immunodeficiency syndrome (AIDS) 後天性免疫不全症候群,基礎
acquisition,獲得  v. acquire,基礎
act,作用する,基礎
action,作用,基礎
activate,活性化する,基礎
activation,活性化,基礎
active,活動的な,基礎
actively,活発に,基礎
actual,実際の,基礎
actually,実際に,基礎
acute,急性の  cf. chronic 慢性の,基礎
acutely,急性的に,基礎
adaptation,順応  v. adapt,基礎
addition,添加,基礎
additional,付加的な、追加の,基礎
adequate,十分な、妥当な,基礎
adherence,粘着性,基礎
adhesion,接着、付着、癒着,基礎
adhesive,接着性のある,基礎
adjacent,隣接している,基礎
admission,承認、入院,基礎
adult,成人  adj. 成人の,基礎
adulthood,成人期,基礎
advantage,有利  adj. advantageous,基礎
adverse,有害な、反対の  cf. adverse event (AE) 有害事象,基礎
affect,影響する,基礎
age,年齢,基礎
aggressive,攻撃的な,基礎
aging,加齢、高齢化,基礎
aid,援助  v. 援助する,基礎
alcohol,アルコール,基礎
allergic,アレルギー性の,基礎
allergy,アレルギー,基礎
allow,許可する,基礎
alter,変化させる,基礎
alternative,二者択一の,基礎
alternatively,代わりに,基礎
amount,量,基礎
analysis,分析  v. analyze,基礎
analytical,分析の,基礎
analyze,分析する  n. analysis,基礎
anesthesia,麻酔  cf. anesthetic 麻酔薬,基礎
angle,角度,基礎
annual,年間の、年1回の,基礎
antibody,抗体,基礎
antigen,抗原,基礎
anxiety,不安  adj. anxious,基礎
apparatus,装置,基礎
apparent,明白な,基礎
apparently,明らかに,基礎
appear,〜らしい、出現する,基礎
appearance,出現、外観,基礎
application,適用  v. apply,基礎
approach,接近  v. 接近する,基礎
appropriate,適切な,基礎
approximately,約〜,基礎
area,領域,基礎
article,論文記事,基礎
artificial,人工的な  cf. artificial intelligence (AI) 人工知能,基礎
assemble,構築する、組み立てる,基礎
assembly,組立,基礎
assess,評価する,基礎
assessment,評価,基礎
associate,結びつける、関連する  cf. be associated with 〜 〜と関連がある,基礎
association,関連、協会、会合,基礎
atom,原子,基礎
atomic,原子の,基礎
attempt,試み,基礎
attention,注意,基礎
atypical,非定型の、新型の  反. typical,基礎
auditory,聴覚の,基礎
availability,入手可能性、有効性  adj. available,基礎
available,入手可能な,基礎
average,平均,基礎
avoid,回避する,基礎
axial,軸の,基礎
axis,軸,基礎
background,背景,基礎
bacteria,細菌,基礎
bacterial,細菌性の,基礎
balance,バランス,基礎
barrier,障壁,基礎
basal,基礎の,基礎
basic,基礎の、塩基の,基礎
basis,基礎,基礎
behavior,行動,基礎
behavioral,行動の  cf. behavioral science 行動科学,基礎
beneficial,有利な,基礎
benefit,利点,基礎
benign,良性の  cf. malignant 悪性の,基礎
bias,バイアス、偏見,基礎
bilateral,両側性の  cf. unilateral 片側の,基礎
bind,結合する,基礎
binding,(非共有結合的な分子同士の) 結合  cf. bond(原子間の)結合,基礎
biological,生物学的な,基礎
biology,生物学,基礎
biopsy,組織診、細胞診,基礎
birth,出生,基礎
bleeding,出血  v. bleed,基礎
block,遮断  v. 遮断する,基礎
blood,血液,基礎
blood flow,血流,基礎
blood pressure,血圧,基礎
blood vessel,血管,基礎
body,身体,基礎
body weight,体重,基礎
bond,(原子間の)結合  cf. binding(非共有結合的な分子同士の) 結合,基礎
bone,骨,基礎
bone marrow,骨髄,基礎
border,境界,基礎
boundary,境界(線),基礎
bowel,腸,基礎
brain,脳,基礎
branch,枝分れ,基礎
breast,乳房,基礎
breathing,呼吸  v. breathe,基礎
bud,芽,基礎
bypass,バイパス、迂回  v. バイパスする、迂回する,基礎
calcium,カルシウム,基礎
cancer,がん,基礎
candidate,候補,基礎
capable,〜の能力がある,基礎
capacity,能力,基礎
capture,捕獲  v. 捕獲する,基礎
carbohydrate,炭水化物,基礎
carbon,炭素,基礎
cardiac,心臓の,基礎
care,ケア、治療、配慮,基礎
carrier,担体、保菌者、保因者,基礎
case,症例  cf. case report 症例報告,基礎
cause,原因  v. を引き起こす,基礎
cell,細胞,基礎
cellular,細胞の,基礎
central,中心の,基礎
certain,とある〜、確かな,基礎
chain,鎖,基礎
challenge,"(ウイルスやアレルギー抗原の) 負荷, 曝露, 誘発",基礎
characteristic,特徴的な  n. 特徴、特性,基礎
characterization,特徴づけ,基礎
characterize,特徴づける,基礎
chemical,化学の,基礎
chemically,化学的に,基礎
chemistry,化学,基礎
childhood,幼児期,基礎
choice,選択,基礎
circuit,回路,基礎
circulation,循環,基礎
classification,分類  v. classify,基礎
clinical,臨床の,基礎
clinically,臨床的に,基礎
closure,閉鎖、(合成化学)閉環,基礎
cognitive,認知の,基礎
collection,収集,基礎
column,円柱  adj. columnar,基礎
combination,組み合わせ,基礎
common,一般の、(疾患) 好発する、(解剖)総­,基礎
community,共同体、地域社会,基礎
comparative,比較上の,基礎
compare,比較する,基礎
comparison,比較  v. compare,基礎
compartment,区画,基礎
compatible,適合性のある、親和性のある,基礎
competent,能力のある,基礎
competition,競合  v. compete,基礎
competitive,競合的な,基礎
complementary,相補的な,基礎
complete,完全な  v. 完了する,基礎
completely,完全に,基礎
compound,化合物,基礎
comprehensive,包括的な,基礎
computer,コンピュータ,基礎
concentration,濃度,基礎
concept,概念,基礎
conclude,結論づける,基礎
conclusion,結論  v. conclude,基礎
condition,条件,基礎
conduction,伝導,基礎
confidence,信頼,基礎
confirm,確認する,基礎
consecutive,連続した,基礎
consequently,結果的に  n. consequence,基礎
conservation,保存  v. conserve,基礎
consider,考慮する  n. consideration 考慮,基礎
considerable,かなりの、考慮すべき,基礎
constant,定常性の、一定の,基礎
construct,作成物  v.作成(構成)する,基礎
construction,作成、構成,基礎
consumption,消費  v. consume,基礎
contact,接触  v. 接触する,基礎
contain,含む,基礎
content,内容、含有量,基礎
context,前後関係,基礎
continuous,連続している  v. continue,基礎
contrast,対照させる,基礎
contrast,対照、対比,基礎
contribute,寄与する、貢献する,基礎
contribution,寄与,基礎
control,制御  v. 制御する,基礎
conventional,慣習的な、従来の,基礎
conversely,逆に,基礎
conversion,転換,基礎
cooperative,協同的な  n. cooperation 協同,基礎
cooperativity,協同性,基礎
coordinate,協調する、調整する  n. coordination 協調,基礎
copper,銅,基礎
copyright,著作権,基礎
core,核心,基礎
correct,訂正する、矯正する,基礎
correction,訂正、矯正,基礎
correlate,相関する,基礎
correlation,相関,基礎
correspond,一致する,基礎
criteria,判定基準 [複]  cf. criterion [単],基礎
critical,決定的な、批判的な,基礎
crystal,結晶,基礎
curve,曲線  v. 曲がる,基礎
cycle,サイクル、周期,基礎
damage,損傷  v. 損傷をあたえる,基礎
data,データ,基礎
decade,十年間,基礎
decrease,減少  cf. increase 増加,基礎
decrease,減少する  cf. increase 増加する,基礎
defect,欠陥,基礎
defective,欠陥の,基礎
defense,防御  v. defend,基礎
deficiency,欠乏,基礎
define,定義する  n. definition,基礎
degree,程度、度,基礎
delay,遅延  v. 遅延させる,基礎
demonstrate,実証する,基礎
demonstration,実証,基礎
density,密度,基礎
depend,依存する,基礎
dependence,依存,基礎
dependent,依存している,基礎
depression,抑制、うつ(病),基礎
depressive,抑うつ性の,基礎
depth,深さ  adj. deep,基礎
describe,記述する,基礎
description,記述,基礎
design,設計  v. 設計する,基礎
destruction,破壊  v. destroy,基礎
detect,検出する,基礎
detectable,検出可能な,基礎
detection,検出,基礎
determination,決定,基礎
determine,決定する,基礎
develop,発達する、開発する  n. development,基礎
device,(小さな)装置,基礎
diagnosis,診断  v. diagnose,基礎
diameter,直径  cf. radius 半径,基礎
differ,異なる,基礎
difference,差,基礎
different,異なった,基礎
differentiation,分化,基礎
difficulty,困難,基礎
digestion,消化  v. digest,基礎
direct,直接の,基礎
direction,方向,基礎
discharge,放出、退院,基礎
discharge,放出する、退院させる,基礎
discuss,考察する,基礎
disease,病気,基礎
disorder,障害、疾患,基礎
displacement,置換,基礎
display,表示する,基礎
distance,距離  adj. distant,基礎
distinguish,区別する,基礎
distribution,分布  v. distribute,基礎
diverse,多様な,基礎
diversity,多様性,基礎
domain,領域,基礎
donor,提供者,基礎
dose,用量,基礎
drug,薬物,基礎
dynamic,動的な,基礎
dynamics,動力学,基礎
education,教育,基礎
effect,効果,基礎
effective,効率的な,基礎
effectively,効率的に,基礎
effectiveness,有効性,基礎
efficiency,効率,基礎
efficient,効率的な,基礎
efficiently,効率的に,基礎
effort,努力,基礎
elderly,高齢者  adj. 高齢の,基礎
electron,電子,基礎
electronic,電子の,基礎
element,要素、配列、元素,基礎
elevation,上昇  v. elevate,基礎
eliminate,除去する,基礎
emergency,緊急事態,基礎
emission,放出  v. emit,基礎
endocrine,内分泌,基礎
energy,エネルギー,基礎
enhance,増強する,基礎
enhancement,増強,基礎
entry,入ること、侵入、流入,基礎
environment,環境,基礎
environmental,環境の,基礎
enzyme,酵素,基礎
epidemic,流行性の、伝染病の  n. 伝染病 cf. pandemic 世界的流行,基礎
equivalent,等価の,基礎
error,エラー,基礎
escape,回避(する)、逸脱(する)  n. 回避,基礎
essential,必須の、本態性の,基礎
essentially,本質的に,基礎
establish,確立する,基礎
establishment,確率、設立,基礎
estimate,推定する  n. 推定,基礎
evaluate,評価する,基礎
evaluation,評価,基礎
eventually,最終的に,基礎
evidence,証拠、根拠,基礎
evolution,進化  v. evolve,基礎
evolutionary,進化の,基礎
examination,検査  cf. physical examination 身体診察,基礎
examine,検査する,基礎
example,例,基礎
excess,過剰,基礎
excessive,過剰の,基礎
exchange,交換する  n. 交換,基礎
exclusion,排除  v. exclude,基礎
exercise,運動  v. 運動する,基礎
exhibit,示す,基礎
exist,存在する,基礎
existence,存在,基礎
expansion,拡大  v. expand,基礎
experience,経験する  n. 経験,基礎
experiment,実験,基礎
experimental,実験の,基礎
explain,説明する  n. explanation,基礎
exposure,曝露  v. expose,基礎
extend,伸展する,基礎
extension,伸展,基礎
extensive,広範な,基礎
extensively,広範に,基礎
extent,範囲、程度,基礎
external,外部の,基礎
extract,抽出する,基礎
extraction,抽出,基礎
facial,顔面の,基礎
factor,因子、要因,基礎
failure,失敗、不全  v. fail,基礎
fat,太った  n. 脂肪,基礎
fatal,致死的な,基礎
fatigue,疲労,基礎
fatty,脂肪の、脂肪の多い,基礎
feedback,フィードバック,基礎
feeding,摂食,基礎
female,雌性の  cf. male 雄性の,基礎
fever,発熱,基礎
fiber,線維,基礎
field,場、分野,基礎
figure,図、画像、数字  cf. table 表,基礎
finally,最終的に,基礎
finding,知見,基礎
flexibility,可動性,基礎
flexible,可動な,基礎
flow,流れ,基礎
fluid,液体、水分,基礎
focus,焦点,基礎
folding,折りたたみ,基礎
foreign,外来性の,基礎
formation,形成,基礎
fracture,骨折,基礎
frame,骨組み,基礎
frequency,頻度,基礎
frequent,頻繁な,基礎
function,機能、関数,基礎
functional,機能的な,基礎
functionally,機能的に,基礎
fusion,融合,基礎
gender,性別,基礎
gene,遺伝子,基礎
generally,一般に,基礎
generate,産生する,基礎
generation,世代,基礎
genetic,遺伝の  cf. genetic engineering 遺伝子工学,基礎
genetics,遺伝学,基礎
genome,ゲノム,基礎
geometry,幾何学,基礎
global,世界的な,基礎
group,集団、(分類学上の)群,基礎
growth,成⻑  v. grow,基礎
guidance,ガイダンス,基礎
guide,ガイド,基礎
hazard,ハザード、危険,基礎
headache,頭痛,基礎
health,健康,基礎
healthy,健康な,基礎
heart,心臓,基礎
heart rate,心拍数,基礎
heat,熱,基礎
helper,ヘルパー,基礎
hormone,ホルモン,基礎
hospital,病院,基礎
hospitalization,入院,基礎
hydrogen,水素,基礎
hypothesis,仮説,基礎
hypothesize,仮説する,基礎
identical,同一の,基礎
identification,同定,基礎
identify,同定する,基礎
identity,同一性、らしさ,基礎
illness,疾病,基礎
illustrate,図解する,基礎
imaging,画像処理,基礎
immediate,即時型の,基礎
immediately,即時に,基礎
immune,免疫の  cf. immune system 免疫系,基礎
impact,衝撃,基礎
impair,害する、悪化する,基礎
impairment,機能障害、悪化,基礎
imply,意味する,基礎
import,移入、輸入,基礎
import,移入する、輸入する,基礎
importance,重要性,基礎
important,重要な,基礎
importantly,重要なことに,基礎
improve,改善する,基礎
improvement,改善,基礎
in vitro,試験管内の、生体外の,基礎
in vivo,生体内の,基礎
inactive,不活性の,基礎
incidence,発生(数、率),基礎
inclusion,包含,基礎
incomplete,不完全な,基礎
increase,増加,基礎
increase,増加する,基礎
independent,非依存の,基礎
independently,独立的に,基礎
index,指標、指数,基礎
indicator,指標,基礎
indirect,間接的な  cf. direct 直接的な,基礎
indirectly,間接的に,基礎
individual,個々の,基礎
individually,個々に,基礎
infant,乳児,基礎
infection,感染,基礎
infectious,感染性の,基礎
inferior,劣性の  cf. superior 優性の,基礎
influence,影響する  n. 影響,基礎
influenza,インフルエンザ,基礎
information,情報,基礎
initial,初期の,基礎
initially,初期に,基礎
initiate,惹起する、始める,基礎
injury,傷害、損傷,基礎
input,入力,基礎
insect,昆虫,基礎
insert,挿入する,基礎
insert,挿入物,基礎
insertion,挿入,基礎
inside,内側の,基礎
instability,不安定性  cf. stability 安定性,基礎
insufficiency,不全,基礎
insufficient,不十分な,基礎
intake,摂取,基礎
integration,統合、組込み,基礎
intense,激烈な,基礎
intensity,強度,基礎
intensive,集中的な  cf. intensive care unit (ICU) 集中治療室,基礎
interact,相互作用する,基礎
interaction,相互作用,基礎
interest,興味、関心,基礎
interestingly,興味深いことに,基礎
interfere,妨害する,基礎
interference,干渉,基礎
intermediate,中間の,基礎
internal,内部の,基礎
international,国際的な,基礎
interval,間隔,基礎
introduction,導入  v. introduce,基礎
investigate,調査する,基礎
investigation,調査,基礎
involve,含む,基礎
involvement,関与,基礎
ion,イオン,基礎
iron,鉄,基礎
isolate,単離する,基礎
isolation,単離,基礎
issue,問題  v. 発行する,基礎
junction,接合部,基礎
juvenile,若年性の,基礎
kidney,腎臓,基礎
knee,膝,基礎
label,分類する  n. ラベル、標識,基礎
laboratory,研究室,基礎
lack,欠乏,基礎
laser,レーザ,基礎
layer,層,基礎
lead,鉛、リード,基礎
length,⻑さ  adj. long,基礎
level,レベル,基礎
library,ライブラリ,基礎
limb,肢,基礎
linkage,連鎖,基礎
liquid,液体,基礎
literature,文献、文学,基礎
liver,肝臓,基礎
location,位置,基礎
long-term,⻑期の,基礎
loop,ループ,基礎
low-level,低レベル、低次の,基礎
lung,肺,基礎
lymphocyte,リンパ球,基礎
machinery,機械、機構,基礎
mainly,主に,基礎
maintain,維持する,基礎
maintenance,維持,基礎
malignant,悪性の  cf. benign 良性の,基礎
mammalian,哺乳類の  n. mammal 哺乳類,基礎
management,対応、経営  v. manage,基礎
massive,大量の,基礎
material,物質,基礎
matter,問題  v.問題となる,基礎
mature,成熟した,基礎
maximal,最大の  cf. minimal 最小の,基礎
maximum,最大  cf. minimum 最小,基礎
mean,平均値,基礎
measure,測定する  n. 尺度,基礎
measurement,測定,基礎
mechanical,機械的な,基礎
mechanism,機構,基礎
median,中央値,基礎
medical,医学の,基礎
medication,投薬,基礎
medicine,医学,基礎
membrane,膜,基礎
memory,記憶,基礎
mental,精神的な,基礎
metabolic,代謝性の  cf. metabolic syndrome メタボリック(代謝)症候群,基礎
metabolism,代謝,基礎
metal,金属,基礎
metastasis,転移,基礎
method,方法,基礎
methodology,方法論,基礎
mice,マウス [複]  cf. mouse [単],基礎
microscopy,顕微鏡検査  cf. microscope 顕微鏡,基礎
mineral,無機質,基礎
minimum,最小  cf. maximum 最大限,基礎
mixture,混合物,基礎
model,モデル,基礎
modeling,モデリング,基礎
moderate,中等度の,基礎
modify,修飾する、修正する  n. modification,基礎
molecular,分子の,基礎
molecule,分子,基礎
monitor,モニター,基礎
monitoring,モニタリング,基礎
monkey,サル,基礎
mortality,死亡率,基礎
mouse,マウス  (複)mice,基礎
movement,移動、運動,基礎
multiple,複数の、多発性の,基礎
muscle,筋肉,基礎
muscular,筋肉の,基礎
mutation,変異,基礎
native,天然の,基礎
natural,自然な,基礎
naturally,自然に,基礎
necessary,必要な,基礎
negative,陰性の  cf. positive 陽性の,基礎
negatively,ネガティブに,基礎
nerve,神経,基礎
nervous,神経の、神経質な,基礎
nervous system,神経系,基礎
neutral,中性の,基礎
nicotine,ニコチン,基礎
normal,正常な,基礎
novel,新規な,基礎
nuclear,核の,基礎
nutrient,栄養分,基礎
nutrition,栄養,基礎
nutritional,栄養の,基礎
obese,肥満の,基礎
obesity,肥満,基礎
objective,目的  adj. 客観的な,基礎
observation,知見、観察,基礎
observe,観察する,基礎
obtain,得る,基礎
obvious,明らかな,基礎
occasionally,たまに,基礎
occur,起こる,基礎
occurrence,出現,基礎
offspring,子孫,基礎
onset,開始、(疾患の)発症,基礎
operation,手術、操作,基礎
opposite,逆の,基礎
optical,光学的な,基礎
optimal,至適な、最適な,基礎
oral,経口の,基礎
orally,経口的に,基礎
order,指示、順序、命令,基礎
organ,器官,基礎
organic,有機物の,基礎
organism,生物体,基礎
organization,組織体,基礎
origin,起源,基礎
original,本来の、独創的な,基礎
outcome,結果,基礎
output,出力,基礎
overall,全体の,基礎
overlap,重複する,基礎
oxygen,酸素,基礎
pain,痛み,基礎
pair,対、ペア,基礎
pancreas,膵臓,基礎
paper,"紙,論文",基礎
paradigm,規範、概念図式,基礎
parallel,平行な,基礎
parasite,寄生虫,基礎
parental,親の,基礎
partial,部分的な,基礎
partially,部分的に,基礎
participate,関与する、参加する,基礎
participation,関与、参加,基礎
particle,粒子,基礎
passive,受動的な,基礎
patient,患者,基礎
pattern,パターン,基礎
perform,実行する,基礎
performance,実行、成績,基礎
period,期間,基礎
permanent,永久の,基礎
persist,持続する,基礎
persistence,持続,基礎
persistent,持続性の,基礎
phase,相,基礎
phenomenon,現象 [単]  phenomena [複],基礎
physical,物理的な,基礎
physically,物理的に,基礎
physician,医師,基礎
physiological,生理的な,基礎
physiology,生理学,基礎
place,場所,基礎
placement,配置,基礎
polar,極の  cf. bipolar 双極性の,基礎
population,集団,基礎
portion,部分、一部,基礎
position,位置,基礎
positive,陽性の  cf. negative 陰性の,基礎
positively,陽性に,基礎
possible,可能性のある,基礎
possibly,おそらく,基礎
potent,強力な,基礎
power,力,基礎
practical,実際的な、実用的な,基礎
practice,実行,基礎
precise,正確な  cf. accurate,基礎
precisely,正確に,基礎
predict,予想する,基礎
prediction,予測,基礎
predictive,予測的な,基礎
predominant,優勢な、顕著な,基礎
preference,優先、好み、嗜好,基礎
pregnancy,妊娠,基礎
pregnant,妊娠中の,基礎
preliminary,予備的な,基礎
presence,存在,基礎
present,現在の、存在している,基礎
presentation,提示、プレゼンテーション,基礎
pressure,圧力,基礎
prevalent,流行性の,基礎
prevent,防ぐ,基礎
prevention,予防,基礎
previous,以前の,基礎
previously,以前に,基礎
primarily,第一に,基礎
primary,一次の  cf. primary care 一次治療、プライマリケア,基礎
prior,前の,基礎
probability,確率,基礎
problem,問題,基礎
procedure,手順,基礎
process,プロセス、過程,基礎
processing,プロセシング、処理,基礎
produce,生産する,基礎
product,生成物,基礎
production,生産する,基礎
profile,特性,基礎
profound,深刻な、重度の,基礎
progenitor,祖先、前駆細胞,基礎
program,プログラム,基礎
progress,前進  v. 前進する,基礎
progression,進行,基礎
progressive,進行性の,基礎
project,投射する,基礎
projection,投射,基礎
prominent,顕著な,基礎
promote,促進する,基礎
proper,固有の、適切な,基礎
proportion,比率,基礎
proportional,比例した,基礎
propose,提唱する,基礎
prospective,前向きの  cf. prospective analysis 前向き分析,基礎
prospectively,将来を見越して,基礎
protect,保護する,基礎
protection,保護,基礎
protective,保護的な,基礎
protein,タンパク質,基礎
prove,判明する,基礎
provide,提供する,基礎
pulse,脈拍,基礎
pure,純粋な,基礎
quality,質  adj. qualitative 定性的な、質的な,基礎
quantitative,定量的な,基礎
quantitatively,定量的に,基礎
question,質問,基礎
questionnaire,アンケート,基礎
radiation,放射線、照射,基礎
random,ランダムな、無作為な,基礎
range,範囲,基礎
rare,まれな,基礎
rarely,まれに,基礎
rate,割合,基礎
ratio,比,基礎
reaction,反応,基礎
reactive,反応性の,基礎
reactivity,反応性,基礎
rearrangement,再編成,基礎
recently,最近,基礎
recognition,認識,基礎
recognize,認識する,基礎
reconstitution,再構成,基礎
reconstruction,再構築,基礎
recording,記録,基礎
recovery,回復  v. recover,基礎
reduce,減少させる,基礎
reduction,減少,基礎
reference,参照、基準,基礎
reflect,反映する,基礎
reflex,(生理)反射,基礎
region,領域,基礎
regional,領域の,基礎
regulate,制御する,基礎
regulation,制御,基礎
regulator,制御装置,基礎
rejection,拒絶  v. reject,基礎
relation,関係,基礎
relationship,関連性,基礎
relative,相対的な  cf. absolute 絶対的な,基礎
relevance,関連性,基礎
relevant,関連性のある,基礎
remarkable,著しい,基礎
remodeling,再構築,基礎
removal,除去,基礎
remove,除去する,基礎
repair,修復  n. 修復,基礎
repeat,反復する,基礎
replacement,置換,基礎
replicate,複製する,基礎
replication,複製,基礎
report,報告する  n. 報告,基礎
represent,表す,基礎
representative,代表的な,基礎
require,必要とする,基礎
requirement,要求、必要,基礎
rescue,救出する  n. 救出,基礎
research,研究,基礎
resistance,抵抗性,基礎
resistant,抵抗性の,基礎
respect,観点,基礎
respond,応答する,基礎
response,応答,基礎
responsible,原因である,基礎
responsive,応答性の,基礎
responsiveness,応答性,基礎
rest,静止する  n. 静止,基礎
restore,回復させる,基礎
restriction,制限,基礎
result,結果,基礎
retain,保持する,基礎
return,戻る,基礎
reveal,明らかにする,基礎
reverse,逆転させる、反転させる  adj. 逆の,基礎
reversible,可逆的な,基礎
review,"概説,論評  v. 概説する",基礎
rhythm,リズム,基礎
role,役割,基礎
root,根,基礎
rotation,回転,基礎
rule,ルール、規定、尺度,基礎
saline,生理食塩水,基礎
salt,塩,基礎
sampling,標本抽出,基礎
scale,スケール,基礎
science,科学,基礎
scientific,科学的な,基礎
search,探す、調査する  n. 検索,基礎
secrete,分泌する,基礎
secretion,分泌,基礎
segment,区域,基礎
select,選択する,基礎
selection,選択,基礎
selective,選択的な,基礎
selectivity,選択性,基礎
sensitive,感受性のある,基礎
sensitivity,感受性,基礎
sensor,センサー,基礎
separate,分離する,基礎
separation,分離,基礎
sequence,配列,基礎
serial,連続的な,基礎
series,連続、系列,基礎
serious,重大な,基礎
severe,重篤な,基礎
sexual,性的な,基礎
share,共有する,基礎
shift,転換する  n. 転換,基礎
signal,シグナル,基礎
significance,有意性,基礎
significant,有意な,基礎
significant difference,有意差,基礎
significantly,有意に,基礎
silent,無音の、無症状の,基礎
similar,同様の,基礎
similarity,類似度,基礎
simply,単純に,基礎
simulation,シミュレーション,基礎
simultaneous,同時の,基礎
simultaneously,同時に,基礎
sleep,睡眠,基礎
smoking,喫煙,基礎
sodium,ナトリウム,基礎
solid,固体の  cf. liquid 液体、fluid流体,基礎
solution,溶液,基礎
source,出所、原料,基礎
span,期間,基礎
special,特殊な,基礎
species,種,基礎
specific,特異的な,基礎
specifically,特異的に,基礎
spine,脊椎,基礎
spontaneous,自発性の,基礎
spontaneously,自発的に,基礎
spread,伝播する  n. 伝播,基礎
stability,安定性,基礎
stabilization,安定化,基礎
stabilize,安定化する,基礎
stable,安定した,基礎
stage,ステージ、段階,基礎
standard,標準,基礎
state,状態,基礎
statistical,統計的な  n. statistics 統計学,基礎
status,状態,基礎
stem cell,幹細胞  cf. induced pluripotent stem cell 人口多能性幹細胞 (iPS細胞),基礎
stimulate,刺激する,基礎
stimulation,刺激、刺激作用,基礎
stomach,胃,基礎
storage,貯蔵,基礎
strategy,戦略,基礎
strength,力,基礎
stress,ストレス,基礎
stretch,伸展  v. 伸展させる,基礎
stroke,発作,基礎
structural,構造上の,基礎
structure,構造,基礎
study,研究  v. 研究する,基礎
subject,受けやすい,基礎
subject,対象、被験者,基礎
substance,物質,基礎
substantially,実質的に、相当に,基礎
substitution,置換,基礎
success,成功  v. succeed,基礎
sufficient,十分な,基礎
sufficiently,十分に,基礎
suggest,示唆する,基礎
suicide,自殺,基礎
suitable,適した,基礎
summary,概要,基礎
superior,優位の  cf. inferior 劣位の,基礎
supply,供給する  n. 供給,基礎
support,支持する  n. 支持,基礎
suppress,抑制する,基礎
suppression,抑制,基礎
surface,表面,基礎
surgery,外科  cf. surgeon 外科医,基礎
surgical,外科的な,基礎
surveillance,調査、監視,基礎
survey,調査,基礎
survival,生存,基礎
survive,生存する,基礎
susceptibility,感受性,基礎
susceptible,影響されやすい、感染しやすい,基礎
symposium,シンポジウム,基礎
symptom,症状,基礎
syndrome,症候群,基礎
synthesis,合成,基礎
synthesize,合成する,基礎
synthetic,合成の,基礎
system,システム,基礎
systematic,系統的な,基礎
target,標的にする  n. 標的,基礎
taste,食味,基礎
technology,科学技術,基礎
temperature,温度,基礎
temporal,時間的な,基礎
temporally,時間的に,基礎
term,期間,基礎
terminal,末端  adj. 末端の、終末の,基礎
test,テスト,基礎
theoretical,理論的な,基礎
theory,理論,基礎
therapy,治療,基礎
thickness,厚さ,基礎
tissue,組織,基礎
tobacco,タバコ,基礎
tolerance,耐性、寛容  cf. tolerated (薬が)耐容性がある,基礎
total,全体(の),基礎
toxic,有毒な,基礎
traditional,伝統的な,基礎
transcription,転写  v. transcribe,基礎
transfer,伝達する、移動する  n. 伝達、移動,基礎
transform,形質転換する,基礎
transformation,形質転換,基礎
transfusion,輸血  v. transfuse,基礎
transient,一過性の,基礎
transition,遷移,基礎
translation,翻訳,基礎
translational,翻訳の,基礎
transmission,伝達  v. transmit,基礎
transplant,移植する,基礎
transport,輸送,基礎
transport,輸送する,基礎
trauma,心的外傷、外傷  cf. PTSD (post-traumatic stress disorder),基礎
treat,処置する,基礎
treatment,処置、治療,基礎
trend,傾向,基礎
trial,試行,基礎
tumor,腫瘍,基礎
typical,典型的な,基礎
typically,典型的に,基礎
ubiquitous,遍在した,基礎
ultimately,究極的に,基礎
ultraviolet,紫外線,基礎
undergo,経験する,基礎
understand,理解する,基礎
understanding,理解,基礎
unexpected,予想外の,基礎
uniform,均一な,基礎
uniformly,一律に、均一に,基礎
unique,独特の,基礎
unit,単位,基礎
unrelated,無関係の,基礎
unstable,不安定な,基礎
untreated,無処置の,基礎
unusual,異常な,基礎
urinary,尿の,基礎
urine,尿,基礎
usage,使用,基礎
useful,有用な,基礎
utilization,利用,基礎
utilize,利用する,基礎
vaccine,ワクチン  v. vaccinate,基礎
value,値,基礎
variability,可変性,基礎
variable,可変性のある  n. 変数,基礎
variation,変動,基礎
various,多様な,基礎
vary,異なる,基礎
velocity,速度,基礎
ventilation,換気,基礎
versus,対,基礎
vertical,垂直の  cf. horizontal 水平の,基礎
virtually,実質的に,基礎
virus,ウイルス,基礎
visible,可視の,基礎
vision,視覚,基礎
visual,視覚的な,基礎
vital,生命の,基礎
vitamin,ビタミン,基礎
vomiting,嘔吐,基礎
water,水,基礎
wave,波,基礎
weight,体重,基礎
wide range,広範囲,基礎
yield,得る  n. 収量,基礎
abdominal,腹部の、腹腔の,科学
aberrant,異常な,科学
acetate,酢酸塩、酢酸エステル,科学
acetylcholine,アセチルコリン,科学
acidosis,アシドーシス  (反) alkalosisアルカローシス,科学
actin,アクチン,科学
activator,活性化因子,科学
activity,活性,科学
acyl,アシル,科学
additive,付加的な、加成性のある  n. 添加物、添加剤,科学
adduct,付加物,科学
adenine,アデニン,科学
adipose,脂肪,科学
adrenal,副腎性の,科学
afferent,求心性の,科学
affinity,親和性,科学
aggregate,凝集する,科学
aggregation,凝集,科学
agonist,作用薬,科学
airway,気道,科学
alanine,アラニン,科学
albumin,アルブミン,科学
alkaline,アルカリ性の,科学
allele,対立遺伝子,科学
allelic,対立形質の,科学
allogeneic,同種間の、同種異系の,科学
allograft,同種移植、同種移植片,科学
alveolar,肺胞の,科学
amide,アミド,科学
amino acid,アミノ酸,科学
amplification,増幅、拡大、(医)遺伝子増幅  v. amplify,科学
amplitude,振幅,科学
amyloid,アミロイド,科学
anaerobic,嫌気性の,科学
analog,類似体,科学
anatomic,解剖的な  n. anatomy,科学
androgen,アンドロゲン,科学
anion,陰イオン,科学
anionic,陰イオン性,科学
antagonist,拮抗物質,科学
anterior,前側の,科学
antigenic,抗原性のある,科学
antioxidant,抗酸化物,科学
antisense,アンチセンス,科学
antiserum,抗血清,科学
aorta,大動脈,科学
aortic,大動脈の,科学
apolipoprotein,アポリポタンパク質,科学
apoptosis,アポトーシス,科学
apoptotic,アポトーシスの,科学
aqueous,水性の、水溶の,科学
arginine,アルギニン,科学
arterial,動脈性の,科学
artery,動脈,科学
aspartate,アスパラギン酸塩、アスパラギン酸エステル,科学
aspirin,アスピリン,科学
assay,試験法,科学
asymmetric,非対称性の  [化] 無対称の、不⻫の,科学
asymmetry,非対称  [化] 無対称、不⻫,科学
atrial,心房の,科学
attachment,付着,科学
attenuation,減弱,科学
autocrine,自己分泌,科学
autophosphorylation,自己リン酸化,科学
avian,トリの、鳥類の,科学
axon,軸索,科学
axonal,軸索の,科学
backbone,背骨  cf. vertebra 椎骨,科学
bacteriophage,バクテリオファージ,科学
base,基礎、塩基,科学
base pair,塩基対,科学
baseline,ベースライン、基線,科学
basement,基底,科学
bicarbonate,炭酸水素塩  [化] 重炭酸塩,科学
bilayer,二重層,科学
bile,胆汁,科学
biliary,胆汁の,科学
biochemical,生化学的な,科学
biochemistry,生化学,科学
biosynthesis,生合成,科学
biosynthetic,生合成の,科学
bipolar,双極性の,科学
bladder,膀胱,科学
blocker,遮断薬,科学
blotting,ブロッティング、ブロット解析,科学
bovine,ウシの,科学
buffer,緩衝液、緩衝剤,科学
calmodulin,カルモジュリン,科学
canine,イヌの,科学
capillary,毛細管,科学
carcinogenesis,発癌,科学
cartilage,軟骨,科学
catalysis,触媒作用,科学
catalytic,触媒作用の,科学
catalyze,触媒する,科学
cation,陽イオン,科学
cationic,陽イオンの,科学
caudal,尾側の,科学
cavity,腔,科学
cell-free,無細胞の,科学
cerebellar,小脳の,科学
cerebellum,小脳  adj. cerebellar 小脳の,科学
cerebrum,大脳  adj. cerebral 大脳の,科学
cervical,頚部の  n. cervix,科学
chain reaction,連鎖反応,科学
chamber,チャンバー、房,科学
channel,チャネル、チャンネル,科学
charge,電荷、負荷,科学
chemotaxis,走化性,科学
chick,ニワトリの,科学
chloride,塩化物,科学
chloroplast,葉緑体,科学
cholesterol,コレステロール,科学
chromatin,染色質,科学
chromatography,クロマトグラフィー,科学
chromosomal,染色体の,科学
chromosome,染色体,科学
chronically,慢性的に  adj. chronic,科学
circular dichroism,円二色性,科学
cisplatin,シスプラチン,科学
clearance,クリアランス、排出能、浄化値,科学
cleavage,分裂、卵割,科学
clonal,クローンの,科学
clone,クローン,科学
cloning,クローニング,科学
cluster,クラスター,科学
coagulation,凝固,科学
code,コード化する  n. 記号、符号,科学
coding,符号化、コーディング  adj. 翻訳領域の,科学
codon,コドン  (アミノ酸配列を決定するmRNAの3塩基配列),科学
coefficient,係数,科学
cofactor,補助因子,科学
coincident,同時発生的な,科学
collagen,コラーゲン,科学
colon,大腸,科学
colonic,結腸の,科学
colonization,コロニー形成,科学
colony,コロニー,科学
compensatory,代償性の  n. compensation,科学
complement,補体,科学
complementation,相補性,科学
complex,複合体、錯体  (注)分野により意味が異なる,科学
compliance,コンプライアンス  (生理)伸展性,科学
component,成分,科学
composition,組成,科学
concurrent,同時発生的な,科学
condensation,凝縮,科学
conditioning,条件づけ,科学
conductance,導電率,科学
confer,与える,科学
configuration,立体配置  cf. conformationと対応して理解すること,科学
conformation,高次構造、[化]立体配座  cf. configurationと対応して理解すること,科学
conjugate,抱合体,科学
connective,結合性の  connective tissue 結合織,科学
consensus sequence,共通配列,科学
constitutive,恒常的な,科学
constitutively,恒常的に,科学
contractile,収縮性の,科学
contraction,収縮,科学
contralateral,反対側の、対側の,科学
coordination,"協調,配位",科学
corneal,角膜の,科学
coronary artery,冠動脈,科学
cortex,皮質,科学
cortical,皮質の,科学
cortisol,コルチゾール,科学
coupling,共役,科学
covalent,共有結合性の,科学
coverage,被覆,科学
culture,培養する  n. 培養,科学
cumulative,累積的な,科学
current,電流  adj. 最近の,科学
cysteine,システイン,科学
cytochrome,チトクロム,科学
cytokine,サイトカイン,科学
cytometry,細胞数測定、サイメトリー,科学
cytoplasmic,細胞質の,科学
cytoskeleton,細胞骨格,科学
cytosol,サイトゾル,科学
cytotoxic,細胞傷害性のある,科学
cytotoxicity,細胞傷害性,科学
de novo,新規な,科学
decay,減衰,科学
deficient,欠乏性の、欠損した,科学
deficit,欠損,科学
degradation,分解,科学
deletion,欠失,科学
denaturation,変性,科学
dendritic,樹状の,科学
dense,高密度の,科学
dephosphorylation,脱リン酸,科学
depletion,枯渇,科学
depolarization,脱分極  cf. hyperpolarization過分極,科学
derivative,誘導体,科学
desensitization,脱感作,科学
determinant,決定要因,科学
development,発生,科学
developmental,発生上の,科学
diarrhea,下痢,科学
diastolic,弛緩性の,科学
dichroism,二色性,科学
dietary,食事性の  n. diet,科学
diffuse,拡散する,科学
diffusion,拡散,科学
dilution,希釈,科学
dimeric,二量体の,科学
dimerization,二量体化,科学
disruption,破壊,科学
dissection,解剖,科学
dissociation,解離,科学
distal,遠位の,科学
distinct,別々の,科学
disulfide,ジスルフィド,科学
divergent,多岐にわたる,科学
division,分裂,科学
dominant,優性の,科学
dopamine,ドーパミン,科学
dopaminergic,ドーパミン作動性,科学
dorsal,背側の,科学
duct,管,科学
duration,持続時間,科学
dye,色素  v. 染める,科学
ectoderm,外胚葉,科学
effector,効果器、効果細胞,科学
efflux,流出,科学
ejection,駆出,科学
electrode,電極,科学
electrophoresis,電気泳動法,科学
electrophoretic,電気泳動の,科学
elimination,除去、脱離,科学
elongation,伸⻑,科学
elucidate,解明する,科学
embryo,胚,科学
embryogenesis,胚形成,科学
embryonic,胚の,科学
encode,コード化する,科学
endocytosis,エンドサイトーシス,科学
endogenous,内在性の、内因性の,科学
endonuclease,エンドヌクレアーゼ,科学
endoplasmic reticulum,小胞体,科学
endothelial,内皮の,科学
endothelium,内皮,科学
endotoxin,内毒素,科学
enhancer,エンハンサー、賦活薬,科学
enzymatic,酵素の,科学
epidermal growth factor,上皮細胞成⻑因子,科学
epithelial,上皮性の,科学
epithelium,上皮,科学
epitope,エピトープ,科学
equilibrium,平衡,科学
erythrocyte,赤血球,科学
erythroid,赤血球の,科学
esophageal,食道の  cf. esophagus 食道,科学
ester,エステル,科学
estradiol,エストラジオール,科学
estrogen,エストロゲン,科学
ethanol,エタノール,科学
ethylene,エチレン,科学
eukaryotic,真核生物の,科学
ex vivo,生体外の  cf. in vivo 生体内の,科学
excitation,興奮、励起,科学
excitatory,興奮性の,科学
exert,発揮する,科学
exocytosis,エキソサイトーシス、開口分泌,科学
exogenous,外来性の、外因性の,科学
exon,エキソン,科学
export,搬出,科学
export,搬出する,科学
express,発現する,科学
expression,発現,科学
extracellular,細胞外の,科学
extract,抽出物,科学
facilitate,促進する,科学
familial,家族性の,科学
family,系統群、(分類学上の)科,科学
fatty acid,脂肪酸,科学
fetal,胎性の,科学
fibrillation,細動  cf. defibrillation 除細動,科学
fibrinogen,フィブリノーゲン,科学
fibroblast,線維芽細胞,科学
fibronectin,フィブロネクチン,科学
filament,フィラメント,科学
filtration,ろ過,科学
fluorescence,蛍光,科学
fluorescent,蛍光の,科学
folate,葉酸,科学
follicular,濾胞性の,科学
forebrain,前脳,科学
fraction,画分,科学
fractionation,分画,科学
fragment,断片,科学
fragmentation,断片化,科学
free,遊離の、〜を含まない,科学
frontal,前頭の、前面の  cf. temporal 側頭の,科学
fungal,真菌の,科学
fungi,菌類,科学
ganglia,(複)神経節,科学
ganglion,(単)神経節,科学
gastric,胃の  cf. stomach 胃,科学
gastrointestinal tract,消化管,科学
gel,ゲル,科学
gene product,遺伝子産物,科学
gene therapy,遺伝子治療,科学
genital,生殖の,科学
genomic,ゲノムの,科学
genotype,遺伝子型,科学
gland,腺,科学
glucocorticoid,糖質コルチコイド,科学
glucose,グルコース,科学
glutamate,グルタミン酸、グルタミン酸エステル  [化],科学
glutamine,グルタミン,科学
glutathione,グルタチオン,科学
glycerol,グリセリン,科学
glycine,グリシン,科学
glycogen,グリコーゲン,科学
glycoprotein,糖タンパク質,科学
glycosylation,糖鎖形成,科学
gradient,勾配,科学
graft,移植片,科学
granule,顆粒,科学
granulocyte,顆粒球,科学
guanine,グアニン,科学
gut,腸,科学
helical,らせん状の,科学
helix,らせん体,科学
heme,ヘム,科学
hemoglobin,ヘモグロビン,科学
heparin,ヘパリン,科学
hepatic,肝臓の  cf. liver 肝臓,科学
hepatocyte,肝細胞,科学
hereditary,遺伝性の,科学
heterogeneity,不均一性,科学
heterogeneous,不均一な  反homogeneous,科学
heterologous,異種性の,科学
hippocampal,海馬の,科学
hippocampus,海馬,科学
histamine,ヒスタミン,科学
histidine,ヒスチジン,科学
histocompatibility,組織適合性,科学
histology,組織学,科学
histone,ヒストン,科学
homeostasis,恒常性,科学
homogeneous,均質な  反heterogeneous,科学
homolog,相同体,科学
homologous,相同的な,科学
homology,相同性,科学
hormonal,ホルモン性の,科学
hybrid,ハイブリッド  (解説)分野により意味が多数,科学
hybridization,ハイブリッド形成法  (解説)分野により意味が多数,科学
hydrolysis,加水分解,科学
hydrophobic,疎水性の,科学
hydroxyl,ヒドロキシル,科学
hypersensitivity,過感受性,科学
hypothalamus,視床下部,科学
hypoxia,低酸素,科学
immunity,免疫,科学
immunization,免疫化、免疫処置,科学
immunocytochemistry,免疫細胞化学,科学
immunodeficiency,免疫不全,科学
immunofluorescence,免疫蛍光法,科学
immunoglobulin,免疫グロブリン,科学
immunohistochemistry,免疫組織化学,科学
immunoreactivity,免疫反応性,科学
immunosuppressive,免疫抑制性の,科学
implantation,移植,科学
inactivation,不活性化,科学
incorporation,取り込み,科学
incubation,インキュベーション、保温、恒温放置、(病原体の)潜伏,科学
induce,誘発する、誘導する  cf. induced pluripotent stem cell 人工多能性幹細胞,科学
inducible,誘導性の,科学
induction,誘導、誘発,科学
infect,感染させる,科学
infiltration,浸潤,科学
inflammation,炎症,科学
inflammatory,炎症性の,科学
influx,流入,科学
inheritance,遺伝,科学
inhibit,抑制する,科学
inhibition,抑制,科学
inhibitory,抑制性の,科学
initiation,開始,科学
innervation,神経支配,科学
insulin,インスリン,科学
intact,無傷の,科学
intercellular,細胞間の,科学
interface,界面、インターフェース,科学
interferon,インターフェロン,科学
interleukin,インターロイキン,科学
interstitial,間質性の,科学
intervention,介入,科学
intestinal,腸の,科学
intestine,腸,科学
intracellular,細胞内の,科学
intrinsic,内因性の,科学
inward,内向きの,科学
ionic,イオン性,科学
ionization,イオン化,科学
ipsilateral,同側性の,科学
irreversible,不可逆的な,科学
islet,(解剖)島,科学
isoform,アイソフォーム,科学
isotope,同位元素,科学
labeling,標識化,科学
lactate,乳酸塩、乳酸塩エステル  [化],科学
lamina,(解剖)板、薄膜、薄板,科学
laminin,ラミニン,科学
latent,潜在性の,科学
lateral,外側の、側方の,科学
lesion,病変,科学
lethal,致死的な,科学
leucine,ロイシン,科学
leukocyte,白血球,科学
ligand,リガンド,科学
ligation,連結,科学
light chain,軽鎖,科学
lineage,系列,科学
linear,直線の,科学
lipid,脂質,科学
lipopolysaccharide,リポ多糖,科学
lipoprotein,リポタンパク質,科学
load,負荷  v. (負荷を)加える,科学
lobe,(解剖)葉,科学
localization,局在性、局在化,科学
localize,局在化させる,科学
locus,座位,科学
longitudinal,⻑期的な、縦の  cf. longitudinal study 縦断的研究,科学
lumbar,腰椎(髄)の、腰部の,科学
luminal,管腔の,科学
lupus,ループス,科学
lymph,リンパ,科学
lymph node,リンパ節,科学
lymphoid,リンパ様の,科学
lysine,リジン,科学
lysis,溶解,科学
macrophage,マクロファージ,科学
magnesium,マグネシウム,科学
major histocompatibility complex,主要組織適合遺伝子複合体,科学
mass spectrometry,質量分析,科学
maternal,母系性の,科学
mating,接合、交配,科学
matrix,マトリックス、基質,科学
maturation,成熟,科学
medial,内側の、中央の,科学
mediator,メディエータ、媒介物,科学
medium,培地、培養液  (複)media,科学
medulla,髄質,科学
medullary,延髄の,科学
meiosis,減数分裂,科学
mesoderm,中胚葉,科学
messenger RNA,メッセンジャーRNA,科学
metabolite,代謝産物,科学
metastatic,転移性の,科学
methionine,メチオニン,科学
methyl,メチル,科学
methylation,メチル化,科学
microbial,微生物の,科学
microscopic,顕微鏡の,科学
microtubule,微小管,科学
migrate,遊走する,科学
migration,遊走  (解説)分野により意味が多数,科学
mimic,模倣する,科学
minimal,最小の,科学
mitochondria,ミトコンドリア,科学
mitochondrial,ミトコンドリアの,科学
mitosis,有糸分裂,科学
mobility,移動度,科学
modification,修飾,科学
modulate,調節する,科学
modulation,調節,科学
moiety,(分子の)成分,科学
molecular mass,分子量,科学
monoclonal antibody,単クローン抗体,科学
monocyte,単球,科学
monomer,単量体,科学
morphogenesis,形態形成,科学
morphological,形態学的な,科学
morphology,形態学,科学
motif,モチーフ,科学
motility,運動性,科学
mucosa,粘膜,科学
murine,マウスの,科学
mutagenesis,変異原性,科学
mutant,変異体,科学
mutational,変異の,科学
myelin,ミエリン,科学
myeloid,骨髄球性の,科学
myosin,ミオシン,科学
naive,未処置の、感作されていない,科学
nasal,鼻の,科学
neural,神経の,科学
neurological,神経学的な,科学
neuron,ニューロン,科学
neuronal,ニューロンの,科学
neurotransmitter,神経伝達物質,科学
neutrophil,好中球,科学
nitrate,硝酸塩、硝酸エステル,科学
nitric oxide,一酸化窒素,科学
nitrite,亜硝酸、亜硝酸エステル,科学
nitrogen,窒素,科学
nodal,結節性の、節の,科学
node,結節,科学
norepinephrine,ノルエピネフリン,科学
nuclei,核(複数形)  nucleus(単数形),科学
nucleic acid,核酸,科学
nucleoside,ヌクレオシド,科学
nucleotide,ヌクレオチド,科学
nucleus,核(単数形)  nuclei(複数形),科学
occlusion,閉塞,科学
ocular,眼球の、視覚上の,科学
olfactory,嗅覚の,科学
oligonucleotide,オリゴヌクレオチド,科学
oncogenic,発癌性の,科学
oocyte,卵母細胞,科学
open reading frame,翻訳領域,科学
operon,オペロン,科学
optic,視覚性,科学
orientation,配向,科学
osmotic,浸透圧性の,科学
ovarian,卵巣の,科学
ovary,卵巣,科学
overexpression,過剰発現,科学
oxidation,酸化,科学
oxidative,酸化的な,科学
oxide,酸化物,科学
pairing,対形成、対合,科学
pancreatic,膵臓の  cf. pancreas 膵臓,科学
parameter,パラメータ,科学
parathyroid,上皮小体、副甲状腺,科学
pathogen,病原体,科学
pathogenesis,病原,科学
pathogenic,病原性の,科学
pathologic,病的な,科学
pathological,病理学的な,科学
pathology,病理学,科学
pathway,経路,科学
peptide,ペプチド,科学
peripheral,末梢性の,科学
peritoneal,腹膜の,科学
peroxide,過酸化物,科学
phage,ファージ,科学
phagocytosis,食作用,科学
pharmacological,薬理学的な,科学
phenotype,表現型,科学
phenotypic,表現型の,科学
phenylalanine,フェニルアラニン,科学
phosphate,リン酸塩、リン酸塩エステル  [化],科学
phospholipase,ホスホリパーゼ,科学
phospholipid,リン脂質,科学
phosphorylate,リン酸化する,科学
phosphorylation,リン酸化,科学
photoreceptor,光受容器,科学
pigment,色素,科学
pituitary,下垂体,科学
plasma,血漿,科学
plasma membrane,原形質膜,科学
plasmid,プラスミド,科学
plasticity,可塑性,科学
plate,プレート、シャーレ,科学
platelet,血小板,科学
pleural,胸膜の,科学
point mutation,点変異,科学
polarity,極性,科学
polymer,高分子,科学
polymerization,重合,科学
polymorphic,多形の,科学
polymorphism,多形性,科学
polypeptide,ポリペプチド,科学
polysaccharide,多糖体,科学
porcine,ブタの,科学
pore,細孔,科学
posterior,後側の,科学
potassium,カリウム,科学
potency,作用強度,科学
potential,潜在力、電位  adj. 潜在的な、可能な,科学
potentiation,増強、相乗,科学
precursor,前駆物質,科学
preferential,優先的な,科学
preferentially,優先的に,科学
preparation,準備、標本、調製,科学
presynaptic,シナプス前の  cf. postsynaptic,科学
primate,霊⻑類,科学
primer,プライマー,科学
principal,主要な,科学
probe,プローブ,科学
progesterone,プロゲステロン,科学
proliferate,増殖する,科学
proliferation,増殖,科学
proliferative,増殖性の,科学
proline,プロリン,科学
promoter,プロモーター,科学
propagation,伝播、増殖,科学
prostaglandin,プロスタグランジン,科学
prostate,前立腺,科学
prostatic,前立腺の,科学
proteolysis,タンパク分解,科学
proteolytic,タンパク分解性の,科学
proton,水素イオン,科学
proximal,近位の,科学
pulmonary,肺の  cf. lung 肺,科学
purification,精製,科学
purine,プリン,科学
putative,推定上の,科学
pyramidal,錐体の,科学
pyrimidine,ピリミジン,科学
pyruvate,ピルビン酸塩、ピルビン酸塩エステル  [化],科学
quantum,量子,科学
radial,放射状の,科学
radical,ラジカル、遊離基  adj. 過激な、根治的な,科学
rate constant,速度定数,科学
reagent,試薬,科学
receptor,受容体,科学
reciprocal,相互の,科学
recombinant,組換え型の,科学
recombination,組換え,科学
recruitment,(細胞の)動員、補充,科学
recurrent,反復性の、再発性の,科学
red blood cell,赤血球,科学
redox,酸化還元,科学
regeneration,再生,科学
regulatory,調節性の,科学
relaxation,弛緩、緩和,科学
release,遊離する  n. 遊離,科学
renal,腎臓の  cf. kidney 腎臓,科学
repertoire,レパートリ,科学
repetitive,反復性の,科学
repress,抑圧する,科学
repression,抑圧,科学
repressor,リプレッサー,科学
reproductive,生殖の,科学
residual,残留した,科学
residue,残基,科学
resolution,"解決,分解能",科学
resonance,共鳴,科学
resorption,再吸収,科学
respiration,呼吸,科学
respiratory,呼吸の,科学
retention,保持,科学
retina,網膜,科学
retinoic acid,レチノイン酸,科学
retinoid,レチノイド,科学
retrograde,逆行性の,科学
retroviral,レトロウイルス性の,科学
reversal,逆転、反転,科学
reverse transcription,逆転写,科学
ribosomal,リボソームの,科学
ribozyme,リボザイム,科学
rod,桿体  cf. cone錐体,科学
sample,試料,科学
saturation,飽和,科学
scanning,走査,科学
scattering,散乱,科学
secondary,二次的な,科学
secretory,分泌性の,科学
section,"断面,切片",科学
sedimentation,沈降,科学
segmental,分節状の,科学
segregation,分離,科学
sensitization,感作,科学
sensory,感覚性の,科学
sequencing,配列決定,科学
sequential,経時的な,科学
serine,セリン,科学
serotonin,セロトニン,科学
serum,血清,科学
side chain,側鎖,科学
signaling,情報伝達,科学
simian,サルの,科学
skeletal muscle,骨格筋,科学
smooth muscle,平滑筋,科学
soluble,可溶性の,科学
solvent,溶媒,科学
somatic,体細胞性の,科学
spatial,空間的な,科学
specificity,特異性,科学
spectra,スペクトル,科学
spectral,スペクトルの,科学
spectrometry,分光測定,科学
spectroscopy,分光学、分光法,科学
spectrum,スペクトル,科学
sperm,精子,科学
spike,スパイク,科学
spinal cord,脊髄,科学
spindle,紡錘状の,科学
spleen,脾臓,科学
splenic,脾臓の,科学
splicing,スプライシング,科学
sporadic,孤発性の,科学
squamous,扁平上皮の,科学
staining,染色,科学
staphylococcus,ブドウ球菌,科学
stationary,定常の,科学
steady state,定常状態,科学
steroid,ステロイド,科学
stimulatory,刺激性の  [心] cf. stimulus刺激,科学
stimulus,刺激,科学
stoichiometry,化学量論,科学
strain,系統,科学
strand,鎖,科学
Streptococcus,連鎖球菌,科学
striatal,線条体の,科学
striatum,線条体,科学
subcellular,細胞下の,科学
subcutaneous,皮下の,科学
subsequently,引き続いて,科学
substrate,基質、基盤,科学
subtype,サブタイプ,科学
subunit,サブユニット,科学
sulfate,硫酸塩、硫酸エステル,科学
superfamily,スーパーファミリー、 (分類学の) 上科,科学
superficial,表在性の、表面上の,科学
superoxide,超酸化物、スーパーオキシド,科学
supplementation,補充,科学
suppressor,抑制因子,科学
surfactant,界面活性物質,科学
swelling,膨潤、腫脹,科学
synapse,シナプス,科学
synaptic,シナプスの,科学
synergistic,相乗的な,科学
systolic,収縮期の  cf. diastolic 拡張期の,科学
tachycardia,頻脈,科学
tandem,直列型の,科学
targeting,ターゲティング、標的指向化,科学
telomere,テロメア,科学
telomeric,テロメアの,科学
template,鋳型、テンプレート,科学
temporal,側頭の,科学
tension,張力,科学
termination,終結,科学
terminus,終端,科学
tertiary,三次の,科学
testis,精巣,科学
testosterone,テストステロン,科学
thalamic,視床の,科学
thalamus,視床,科学
thiol,チオール,科学
thoracic,胸部の,科学
threonine,スレオニン,科学
threshold,閾値(いきち),科学
thrombin,トロンビン,科学
thymic,胸腺の,科学
thymidine,チミジン,科学
thymus,胸腺,科学
thyroid,甲状腺,科学
time course,時間経過,科学
time-dependent,時間依存的な,科学
titer,力価,科学
titration,滴定,科学
topology,形態,科学
toxin,毒素,科学
tracer,トレーサー,科学
tract,路、管  cf. urinary tract 尿路,科学
trafficking,輸送,科学
transcription factor,転写制御因子,科学
transcriptional,転写性の,科学
transduction,伝達,科学
transfection,形質移入,科学
transferrin,トランスフェリン(鉄輸送を担うタンパク質),科学
transgenic,遺伝子組換えの,科学
translocation,転位置,科学
transplant,移植片  v.移植する,科学
transplantation,移植,科学
transporter,輸送体,科学
triphosphate,三リン酸,科学
truncation,切り詰め,科学
tryptophan,トリプトファン,科学
tubular,尿細管の,科学
tubule,細管  cf. renal tubule 尿細管,科学
tubulin,チューブリン,科学
turnover,代謝回転,科学
ultrasound,超音波,科学
underlie,基礎をなす,科学
unilateral,一側性の,科学
upregulation,上方制御,科学
uptake,取り込み,科学
urea,尿素,科学
vaccination,ワクチン接種,科学
vacuolar,空胞の,科学
valve,弁,科学
variance,分散,科学
variant,変異体,科学
vascular,血管の,科学
vasopressin,バソプレッシン,科学
vector,ベクター、媒介物,科学
vehicle,媒体,科学
vein,静脈,科学
venous,静脈の,科学
ventral,腹側の,科学
ventricle,心室  cf. atrium 心房,科学
ventricular,心室の  cf. atrial 心房の,科学
vesicle,小胞,科学
vesicular,小胞の,科学
vessel,脈管  cf. blood vessel 血管,科学
viability,生存度,科学
viable,生存可能な,科学
viral infection,ウイルス感染,科学
visceral,内臓の,科学
voltage,電位、電圧,科学
wild-type,野生型の,科学
yeast,酵母,科学
zinc,亜鉛,科学
ablation,切除,臨床-一般
adenocarcinoma,腺癌,臨床-一般
adenovirus,アデノウイルス,臨床-一般
adjuvant,(抗原免疫増強剤) アジュバント、免疫賦活剤,臨床-一般
administration,投与  [略] Admin,臨床-一般
agent,薬剤,臨床-一般
Alzheimer's disease,アルツハイマー病,臨床-一般
anemia,貧血,臨床-一般
angina,アンギナ、狭心症,臨床-一般
angiogenesis,血管形成,臨床-一般
angiography,血管造影法,臨床-一般
angioplasty,血管形成術,臨床-一般
arrest,抑止、停止  v. 停止する,臨床-一般
arthritis,関節炎,臨床-一般
asbestos,石綿  asbestosis 石綿症,臨床-一般
aspiration,吸引、呼吸,臨床-一般
asthma,喘息,臨床-一般
ataxia,運動失調,臨床-一般
atherosclerosis,アテローム性動脈硬化症,臨床-一般
atrophy,萎縮症,臨床-一般
bacteremia,菌血症,臨床-一般
blockade,遮断,臨床-一般
bolus,大量瞬時投与,臨床-一般
candida,カンジダ  candidiasis カンジダ症,臨床-一般
capsule,カプセル,臨床-一般
carcinoma,癌腫,臨床-一般
cardiomyopathy,心筋症,臨床-一般
catheter,カテーテル,臨床-一般
chemotherapy,化学療法,臨床-一般
cholera,コレラ,臨床-一般
cirrhosis,硬変,臨床-一般
clamp,クランプ,臨床-一般
cleft,間隙、中裂,臨床-一般
clustering,クラスター形成,臨床-一般
cocaine,コカイン,臨床-一般
cohort,コホート(ある特性をもつ人間の集合) 、同齢集団  cf. cohort study コホート研究,臨床-一般
colitis,大腸炎,臨床-一般
complication,合併症,臨床-一般
compression,圧迫,臨床-一般
concomitant,随伴性の,臨床-一般
congenital,先天性の,臨床-一般
congestive,うっ血性の,臨床-一般
cutaneous,皮膚の,臨床-一般
cytomegalovirus,サイトメガロウイルス,臨床-一般
degeneration,変性,臨床-一般
delivery,"送達,分娩",臨床-一般
dementia,認知症,臨床-一般
deposition,沈着,臨床-一般
deprivation,欠乏,臨床-一般
dermal,皮膚の,臨床-一般
diabetes mellitus,糖尿病 (DM),臨床-一般
diabetic,糖尿病性の  n. 糖尿病患者,臨床-一般
diagnostic,診断の,臨床-一般
dialysis,透析,臨床-一般
differential,差次的な、判別の目安となる、微分の  cf. differential diagnosis 鑑別診断,臨床-一般
differentially,差次的に,臨床-一般
differentiate,分化する、鑑別する,臨床-一般
discrimination,識別,臨床-一般
dosage,薬用量,臨床-一般
dysfunction,機能障害,臨床-一般
dysplasia,異形成,臨床-一般
dystrophy,ジストロフィー,臨床-一般
echocardiography,心エコー図法、心臓超音波検査,臨床-一般
edema,浮腫,臨床-一般
efficacy,有効性,臨床-一般
encephalitis,脳炎,臨床-一般
envelope,外被,臨床-一般
epidemiologic,疫学的な,臨床-一般
epidemiology,疫学,臨床-一般
episode,発症、エピソード,臨床-一般
etiology,病因学,臨床-一般
excision,切除,臨床-一般
excretion,排泄、排出,臨床-一般
fibrosis,線維症,臨床-一般
focal,限局的な,臨床-一般
gestation,妊娠期間,臨床-一般
heart failure,心不全,臨床-一般
hemorrhage,出血,臨床-一般
hepatitis,肝炎,臨床-一般
herpes,疱疹、ヘルペス,臨床-一般
heterozygosity,異型接合性,臨床-一般
homocysteine,ホモシステイン,臨床-一般
hyperplasia,過形成,臨床-一般
hypertension,高血圧症  cf. hypotension 低血圧,臨床-一般
hypertensive,高血圧の,臨床-一般
hypertrophy,肥大,臨床-一般
hypoglycemia,低血糖,臨床-一般
hypotension,低血圧  cf. hypertension 高血圧,臨床-一般
idiopathic,特発性の,臨床-一般
immature,未成熟な,臨床-一般
infarction,梗塞  cf. myocardial infarction 心筋梗塞,臨床-一般
infusion,注入,臨床-一般
inhibitor,阻害薬,臨床-一般
injection,注射,臨床-一般
intermittent,間欠性の,臨床-一般
intron,イントロン,臨床-一般
invasion,浸潤、侵襲,臨床-一般
invasive,浸潤性の、侵襲性の,臨床-一般
irradiation,照射、照射法,臨床-一般
ischemia,虚血,臨床-一般
ischemic,虚血性の,臨床-一般
kappa,カッパー,臨床-一般
lavage,洗浄液,臨床-一般
lethality,死亡率,臨床-一般
leukemia,白血病,臨床-一般
leukemic,白血病の,臨床-一般
logistic,ロジスティックな  cf. logistic regression ロジスチック回帰分析,臨床-一般
lymphoma,リンパ腫,臨床-一般
magnetic resonance imaging,磁気共鳴画像法(MRI),臨床-一般
malaria,マラリア,臨床-一般
malignancy,悪性度,臨床-一般
marker,マーカー,臨床-一般
mediate,仲介する,臨床-一般
melanoma,黑色腫,臨床-一般
meningitis,髄膜炎,臨床-一般
mobilization,動員、可動化、流動,臨床-一般
morbidity,罹患率,臨床-一般
morphine,モルヒネ,臨床-一般
mycobacterium,抗酸菌、マイコバクテリア  (複)mycobacteria,臨床-一般
myeloma,骨髄腫,臨床-一般
myocardial infarction,心筋梗塞,臨床-一般
necrosis,壊死,臨床-一般
neonatal,新生児の,臨床-一般
neoplasia,新生物,臨床-一般
neoplastic,新生物の,臨床-一般
neuroblastoma,神経芽細胞腫,臨床-一般
neuropathy,神経障害,臨床-一般
neurotrophic,神経栄養性,臨床-一般
newborn,新生児の,臨床-一般
obstruction,閉塞,臨床-一般
obstructive,閉塞性の,臨床-一般
oncogene,発癌遺伝子,臨床-一般
opioid,オピオイド,臨床-一般
outer membrane,外膜,臨床-一般
outgrowth,成⻑、増殖、突起  outgrow (v)は「〜(の疾患)が見られなくなる」,臨床-一般
packaging,パッケージング,臨床-一般
pancreatitis,膵炎,臨床-一般
passage,継代、通過、通路,臨床-一般
pediatric,小児科の  cf. pediatrician 小児科医,臨床-一般
penicillin,ペニシリン,臨床-一般
percutaneous,経皮的な,臨床-一般
perfusion,灌流,臨床-一般
periodontal,⻭周部の,臨床-一般
permeability,透過性,臨床-一般
peroxidase,ペルオキシダーゼ,臨床-一般
pertussis,百日咳,臨床-一般
placebo,プラセボ、偽薬,臨床-一般
plaque,プラーク、⻭垢,臨床-一般
plasminogen,プラスミノーゲン,臨床-一般
pneumonia,肺炎,臨床-一般
postmenopausal,閉経後の,臨床-一般
postnatal,出生後の,臨床-一般
postoperative,手術後の,臨床-一般
premature,早発性の,臨床-一般
preoperative,手術前の,臨床-一般
pretreatment,前処理,臨床-一般
prevalence,有病率,臨床-一般
prognosis,予後,臨床-一般
prognostic,予後の,臨床-一般
prophylaxis,予防法,臨床-一般
protocol,プロトコル,臨床-一般
psychiatric,精神医学的な,臨床-一般
radiographic,X線撮影の,臨床-一般
recurrence,再発,臨床-一般
refractory,抵抗性の、治癒しにくい,臨床-一般
regimen,療法,臨床-一般
regression,"退行,回帰",臨床-一般
relapse,再発  v. 再発する,臨床-一般
reperfusion,再灌流,臨床-一般
resection,切除,臨床-一般
retardation,遅延、遅滞  cf. mental retardation精神遅滞,臨床-一般
rheumatoid arthritis,リウマチ性関節炎,臨床-一般
risk factor,危険因子,臨床-一般
rupture,破裂,臨床-一般
sarcoma,肉腫,臨床-一般
schizophrenia,統合失調症,臨床-一般
sclerosis,硬化症,臨床-一般
screening,スクリーニング,臨床-一般
sepsis,敗血症,臨床-一般
septic,敗血性の,臨床-一般
severity,重症度,臨床-一般
site-directed mutagenesis,部位特異的変異誘発,臨床-一般
sputum,喀痰  cf. phlegm 痰,臨床-一般
stenosis,狭窄,臨床-一般
stool,便,臨床-一般
symptomatic,症候性の,臨床-一般
systemic,全身性,臨床-一般
therapeutic,治療上の,臨床-一般
thrombosis,血栓症,臨床-一般
tomography,断層撮影法,臨床-一般
topical,局所的な,臨床-一般
toxicity,毒性,臨床-一般
transiently,一過性に、過渡的に,臨床-一般
transposition,転位,臨床-一般
tuberculosis,結核,臨床-一般
ulcer,潰瘍,臨床-一般
virulence,病原性,臨床-一般
virulent,病原性のある,臨床-一般
withdrawal,退薬,臨床-一般
wound,創傷,臨床-一般
